id,first_name,last_name,email,gender,university,department,course
1,Lindsay,Bickerton,lbickerton0@wp.com,Female,Zhongshan University,Automotive,BBx
2,Anita,Cassey,acassey1@webnode.com,Female,Shandong University of Art and Design,Jewelery,MRM
3,Chancey,Leaburn,cleaburn2@1und1.de,Male,National Taiwan Ocean University,Automotive,Cisco MDS SAN switches
4,Chandler,O'Giany,cogiany3@nasa.gov,Male,Kazak State University of Agriculture,Sports,Start-ups Management
5,Roanne,Murdy,rmurdy4@chicagotribune.com,Female,Belarussian State Pedagogical University M. Tanka,Music,Cellular Communications
6,Lisha,Lewzey,llewzey5@a8.net,Female,Fachhochschule für Oekonomie und Management (FOM),Music,Sh
7,Mei,French,mfrench6@guardian.co.uk,Female,Liaoning Technical University,Tools,Long-term Customer Relationships
8,Marmaduke,Brawson,mbrawson7@gmpg.org,Male,Virginia State University,Beauty,AKTA
9,Perl,Calton,pcalton8@npr.org,Female,Université Laval,Clothing,Sustainable Agriculture
10,Domini,Klimes,dklimes9@fc2.com,Female,Cleveland State University,Clothing,EES
11,Iolande,Leadley,ileadleya@qq.com,Female,London Metropolitan University,Home,Legal Writing
12,Lewiss,Eastlake,leastlakeb@studiopress.com,Male,Morrison College,Games,Short Stories
13,Emmery,Iacopetti,eiacopettic@pen.io,Male,Moscow State University,Toys,SRDF
14,Ardeen,Llewellin,allewellind@alibaba.com,Female,High Institute for Banking & Financial Studies,Shoes,EIP
15,Valle,Brian,vbriane@studiopress.com,Male,Universidade Federal da Grande Dourados,Toys,MPLS-TP
16,Carline,Norkett,cnorkettf@feedburner.com,Female,University of the South Pacific,Electronics,Non-profit Board Development
17,Axel,Hradsky,ahradskyg@usatoday.com,Male,Ittihad University,Movies,New Business Development
18,Aeriell,Trim,atrimh@naver.com,Female,Umea University,Shoes,SNF
19,Joanie,Fotitt,jfotitti@amazonaws.com,Female,Zimbabwe Open University,Garden,Treatment
20,Griffith,Fidell,gfidellj@nationalgeographic.com,Male,Nuclear Institute for Agriculture and Biology (NIAB),Movies,Rolling Stock
21,Frederica,Skirvane,fskirvanek@who.int,Female,Hiroshima Women's University,Outdoors,Applied Mathematics
22,Perren,Hullot,phullotl@accuweather.com,Male,"University of Wales Institute, Cardiff",Tools,Xilinx ISE
23,Clotilda,Reignolds,creignoldsm@macromedia.com,Female,Columbia College Hollywood,Kids,BPO
24,Lyndsay,Dog,ldogn@dmoz.org,Female,Warsaw School of Economics,Sports,SSIS
25,Addison,Bello,abelloo@creativecommons.org,Male,Athens State College,Beauty,JMP
26,Freddie,Sposito,fspositop@miitbeian.gov.cn,Male,Hochschule für Technik und Wirtschaft Dresden (FH),Garden,After Effects
27,Micaela,Blance,mblanceq@tumblr.com,Female,University of Bolton,Books,BDD
28,Aliza,Croxford,acroxfordr@e-recht24.de,Female,Kagoshima Immaculate Heart University,Jewelery,PMO
29,Kenyon,Renachowski,krenachowskis@bravesites.com,Male,American World University,Clothing,Eyewear
30,Gayler,Oguz,goguzt@hhs.gov,Male,Universidad de La Frontera,Movies,Ultrasonic Welding
31,Alexis,Oliffe,aoliffeu@etsy.com,Male,EUCLID University,Beauty,Athletics
32,Dalila,Edmunds,dedmundsv@hubpages.com,Female,Universiti Teknologi Malaysia,Shoes,Musical Theatre
33,Leigh,Ramble,lramblew@princeton.edu,Male,Malaysia University of Science and Technology (MUST),Toys,TPMS
34,Alfonso,Attfield,aattfieldx@fda.gov,Male,American University of Armenia,Tools,Grocery
35,Matelda,Sommerton,msommertony@uol.com.br,Female,Molloy College,Beauty,Oil &amp; Gas Law
36,Rebbecca,Espine,respinez@sourceforge.net,Female,Universidad de San Andres,Movies,Aerodynamics
37,Andros,Phippard,aphippard10@storify.com,Male,South Carelian Polytechnic,Sports,Artistic Eye
38,Regen,Veschambre,rveschambre11@ameblo.jp,Male,"American University of Iraq, Sulaimani (Kurdistan Region)",Tools,EEPROM
39,Augy,Pretsel,apretsel12@berkeley.edu,Male,Lamar University - Port Arthur,Kids,Pyrosequencing
40,Reena,Liffe,rliffe13@businessinsider.com,Female,Gulf University for Science and Technology,Beauty,HCSS
41,Carola,Uzielli,cuzielli14@mozilla.com,Female,University of Prince Edward Island,Clothing,MySQL Cluster
42,Dolly,Dryburgh,ddryburgh15@mapy.cz,Female,Detroit College of Business,Health,RCS
43,Eloise,Bruhnicke,ebruhnicke16@google.cn,Female,Universidad Católica de Santa Fé,Clothing,Orthopedics
44,Emmeline,Carneck,ecarneck17@cdbaby.com,Female,Ecole des Hautes Etudes Commerciales,Books,Strategic Communications
45,Alphonso,Storres,astorres18@smugmug.com,Male,Institute of Accountancy Arusha,Sports,Aqualogic
46,Izzy,Poland,ipoland19@wiley.com,Male,Odessa State Academy of Construction and Architecture,Jewelery,Wound Care
47,Larisa,Digweed,ldigweed1a@is.gd,Female,Universidad Gabriela Mistral,Automotive,Newsletters
48,Cyrillus,Rimmer,crimmer1b@youku.com,Male,Catholic University in Ružomberok,Tools,MRDs
49,Mikael,Spragg,mspragg1c@multiply.com,Male,National College of Naturopathic Medicine,Clothing,Oxidative Stress
50,Paxon,Stoyell,pstoyell1d@about.me,Male,Southern University - Baton Rouge,Baby,VMS
51,Elmore,Ellam,eellam1e@gnu.org,Male,Deutsche Hochschule für Verwaltungswissenschaften Speyer,Computers,Knowledge Management
52,Nikolaos,Comley,ncomley1f@fc2.com,Male,Maranatha Baptist Bible College,Clothing,HTA
53,Gayle,Collerd,gcollerd1g@w3.org,Female,International Buddhist University,Toys,DFA
54,Gardy,Balsdon,gbalsdon1h@myspace.com,Male,Université de Sétif,Home,Part-Time CFO Services
55,Hadlee,McCadden,hmccadden1i@squarespace.com,Male,Deakin University,Books,xPression
56,Garold,Lidgely,glidgely1j@webeden.co.uk,Male,New York School of Interior Design,Baby,IABP
57,Teresina,McLaggan,tmclaggan1k@nba.com,Female,Ling Tung University,Movies,AACR2
58,Kimmi,Attac,kattac1l@wix.com,Female,Kuban State University,Books,Background Checks
59,Haslett,Churchward,hchurchward1m@ask.com,Male,Sambalpur University,Kids,Aquatics
60,Esmaria,Rubinfeld,erubinfeld1n@163.com,Female,Maryam Institute of Higher Education,Sports,Food Science
61,Matthaeus,Piers,mpiers1o@omniture.com,Male,Tokyo University of Mercantile Marine,Industrial,NHibernate
62,Etienne,Borgnol,eborgnol1p@twitpic.com,Male,Universidad Cooperativa de Colombia,Computers,MPower
63,Bondon,Wickerson,bwickerson1q@reddit.com,Male,Universidade Estadual do Centro-Oeste,Outdoors,Loan Origination
64,Charlie,Ferrie,cferrie1r@jigsy.com,Male,Wenzhou Medical College,Movies,CTIOS
65,Edan,Dagon,edagon1s@oakley.com,Male,Solapur University,Music,Wiring
66,Rosemary,Davidai,rdavidai1t@intel.com,Female,Karakoram International University,Clothing,Aquifer Testing
67,Stewart,Ghiraldi,sghiraldi1u@chronoengine.com,Male,Shenandoah University,Movies,iGrafx
68,Rebeka,Waadenburg,rwaadenburg1v@mapy.cz,Female,Detroit College of Law,Baby,Ember.js
69,Ira,Bothram,ibothram1w@usa.gov,Female,Ahlulbait International University,Industrial,Music Videos
70,Avril,Woodham,awoodham1x@woothemes.com,Female,Stanford University,Movies,DFA
71,Natala,Keniwell,nkeniwell1y@xinhuanet.com,Female,Universidad Católica Nordestana,Kids,LCD
72,Gabie,Collingridge,gcollingridge1z@chron.com,Male,Ecole Supérieure de Commerce de Toulouse,Home,Capital IQ
73,Barnard,Tunniclisse,btunniclisse20@home.pl,Male,Ecole des Hautes Etudes Industrielles de Lille,Garden,JSF
74,Danya,Hall-Gough,dhallgough21@house.gov,Female,Universidad Privada San Pedro,Kids,Cardiac MRI
75,Vale,Peeke-Vout,vpeekevout22@abc.net.au,Male,"Institute of Teachers Education, Sarawak",Health,General Insurance
76,Alanah,Hindge,ahindge23@goo.ne.jp,Female,Tianjin Polytechnic University,Home,HFM
77,Wash,Cussins,wcussins24@google.com.br,Male,Dogus University,Shoes,Young Adults
78,Bertina,Alfonso,balfonso25@wunderground.com,Female,Coker College,Health,Gifted Education
79,Raquela,Tarpey,rtarpey26@barnesandnoble.com,Female,Universidad Privada del Este,Baby,CBM
80,Ty,Bowne,tbowne27@cloudflare.com,Male,Sylhet International University,Books,Nightclub
81,Toddie,Olney,tolney28@washington.edu,Male,Sylhet Engineering College,Kids,Urban
82,Grange,Logesdale,glogesdale29@unicef.org,Male,Kanagawa University,Kids,Xerces
83,Phylys,Biagini,pbiagini2a@photobucket.com,Female,Chulalongkorn University,Sports,Euthanasia
84,Fern,Blainey,fblainey2b@fastcompany.com,Female,Nagoya College of Music,Outdoors,Algebra
85,Kelcey,Rantoull,krantoull2c@cloudflare.com,Female,North Carolina School of the Arts,Home,Organizational Leadership
86,Barron,Gommowe,bgommowe2d@acquirethisname.com,Male,Dijla University College,Kids,UML
87,Felecia,Farfalameev,ffarfalameev2e@cdc.gov,Female,Texas Southern University,Garden,Nutritional Counseling
88,Elnar,Palfrey,epalfrey2f@blinklist.com,Male,Université Laval,Automotive,Claims Management
89,Janelle,Showte,jshowte2g@goo.gl,Female,Facultés Universitaires Notre-Dame de la Paix,Health,Cycling
90,Johnathan,Hooks,jhooks2h@merriam-webster.com,Male,KROK Economics and Law University,Jewelery,History
91,Amata,Baal,abaal2i@unc.edu,Female,"Rutgers, The State University of New Jersey - Camden",Home,Weapons
92,Cleve,Behr,cbehr2j@amazon.co.uk,Male,Gift University,Sports,Quality Improvement
93,Viola,Desseine,vdesseine2k@webnode.com,Female,Central Queensland University,Books,LDD
94,Ferguson,Woodhams,fwoodhams2l@taobao.com,Male,Lillehammer University College,Toys,Rollout
95,Osborn,Najara,onajara2m@msn.com,Male,Brandenburgische Technische Universität Cottbus,Toys,VRML
96,Aylmar,Kefford,akefford2n@uiuc.edu,Male,"CollegeAmerica, Phoenix",Sports,WSS 2.0
97,Burlie,Jurewicz,bjurewicz2o@psu.edu,Male,Universidad de Caldas,Beauty,CMMI Level 5
98,Marcello,Dyerson,mdyerson2p@nature.com,Male,Al-Isra University,Outdoors,Akka
99,Claudelle,Jakoub,cjakoub2q@elpais.com,Female,St. Petersburg State University of Engineering and Economics,Sports,Oracle HR
100,Judon,Knee,jknee2r@census.gov,Male,Universität Kassel,Outdoors,Weddings
101,Howard,Latore,hlatore2s@google.com,Male,Universidad Autónoma de Asunción,Jewelery,CFM
102,Dewain,Cohan,dcohan2t@hc360.com,Male,Fachhochschule für Oekonomie und Management (FOM),Beauty,UED
103,Kristi,Philbin,kphilbin2u@nyu.edu,Female,Universidad Francisco de Aguirre,Music,DDL
104,Ilario,Jennery,ijennery2v@sphinn.com,Male,University of Bristol,Books,BS7799
105,Hurleigh,Stanlike,hstanlike2w@adobe.com,Male,World Maritime University,Books,GSA Schedules
106,Minni,Rosenblum,mrosenblum2x@fc2.com,Female,Groupe Sup de Co Amiens Picardie,Clothing,Go
107,Charmion,Kyte,ckyte2y@odnoklassniki.ru,Female,Istanbul Kultur University,Beauty,Special Effects Makeup
108,Wilburt,Isac,wisac2z@admin.ch,Male,Samara State Aerospace University,Outdoors,Jingles
109,Jobina,Callaghan,jcallaghan30@dot.gov,Female,"California State University, Bakersfield",Kids,DDL
110,Willette,Blaxland,wblaxland31@drupal.org,Female,Miryang National University,Shoes,Khalix
111,Rollo,Sauvain,rsauvain32@engadget.com,Male,Aichi Prefectural University,Books,International Economics
112,Corny,Etoile,cetoile33@ifeng.com,Male,Free University of Tbilisi,Health,Union
113,Stanley,Bricksey,sbricksey34@tinyurl.com,Male,Yangtze University,Jewelery,Social Media
114,Athene,Baumadier,abaumadier35@seattletimes.com,Female,University of Richmond,Games,CMC Regulatory Affairs
115,Ogden,Cazereau,ocazereau36@arstechnica.com,Male,Saad College of Nursing and Allied Health Sciences,Home,Nanofabrication
116,Miner,Fretwell,mfretwell37@w3.org,Male,Universitas Islam Nusantara,Tools,Materials Science
117,Peri,Sink,psink38@wikispaces.com,Female,Western Oregon University,Books,Utility Billing
118,Eolande,Arnoldi,earnoldi39@cafepress.com,Female,Central Mindanao University,Computers,BPH
119,Ivonne,Valencia,ivalencia3a@elpais.com,Female,Lebanese International University,Baby,OMNI
120,Mendel,Ziemen,mziemen3b@pagesperso-orange.fr,Male,Northwest A&F University,Computers,WF
121,Nero,Olcot,nolcot3c@sfgate.com,Male,"Fachhochschule Westküste, Hochschule für Wirtschaft und Technik",Health,SDI
122,Normie,Delahunty,ndelahunty3d@sohu.com,Male,Institute of Business Administration Sukkur,Shoes,XPages
123,Kathye,Jakubovski,kjakubovski3e@gmpg.org,Female,Sinnar University,Home,Ships
124,Bartel,Pellett,bpellett3f@cdbaby.com,Male,Otemae University,Home,SharePoint
125,Wilfrid,Arnli,warnli3g@cloudflare.com,Male,Petro Mohyla Black Sea State University,Kids,QA Automation
126,Leann,Andrivot,landrivot3h@harvard.edu,Female,Jimma University,Computers,Star-CCM+
127,Cesya,Rennicks,crennicks3i@abc.net.au,Female,Universidad Metropolitana de Ciencias de la Educación,Shoes,GI
128,Micky,Loudyan,mloudyan3j@psu.edu,Male,"National Academy of Music ""Pantcho Vladigerov""",Computers,PPTP
129,Cob,Tailby,ctailby3k@simplemachines.org,Male,University of Kansas,Books,Avid DS Nitris
130,Sindee,Ledward,sledward3l@nydailynews.com,Female,Beni Suef University,Grocery,Menu Development
131,Nerita,Peterson,npeterson3m@fema.gov,Female,International Hellenic University,Clothing,Dynamic Positioning
132,Lindsey,Marvin,lmarvin3n@opera.com,Male,Uzbek State World Languages University,Health,Front Office
133,Tucky,Alston,talston3o@cbc.ca,Male,University of Zagreb,Electronics,MVC
134,Otes,Cadalleder,ocadalleder3p@arizona.edu,Male,Worcester Polytechnic Institute,Tools,PDM
135,Jarid,Scocroft,jscocroft3q@skyrock.com,Male,Universidad de Manizales,Garden,FTO analysis
136,Donal,McGaugey,dmcgaugey3r@ycombinator.com,Male,Universitas Proklamasi 45,Tools,JVM
137,Packston,Fortun,pfortun3s@homestead.com,Male,University of Fort Hare,Baby,Automotive Aftermarket
138,Tobe,Bilston,tbilston3t@purevolume.com,Female,Aligarh Muslim University,Beauty,RHEL
139,Gustavus,Lambin,glambin3u@illinois.edu,Male,Rostov State University,Baby,Qlogic
140,Nikolas,Rudgard,nrudgard3v@cnn.com,Male,Institut Textile et Chimique de Lyon,Books,SQR
141,Rodrigo,Marieton,rmarieton3w@dailymail.co.uk,Male,Universidade de Mogi das Cruzes,Grocery,AXE
142,Far,Connow,fconnow3x@howstuffworks.com,Male,Universitas Syiah Kuala,Beauty,Non-compete Agreements
143,Jacques,Di Bartolomeo,jdibartolomeo3y@naver.com,Male,Ecole des Hautes Etudes en Gestion Informatique et Communication,Outdoors,Kaizen
144,Jaimie,Romanski,jromanski3z@meetup.com,Female,Nara Medical University,Outdoors,SAP BPC
145,Marian,Soppitt,msoppitt40@facebook.com,Female,Massey University,Outdoors,CCDP
146,Ignaz,Pitrollo,ipitrollo41@go.com,Male,Tarleton State University,Jewelery,DTR
147,Karrah,Humbatch,khumbatch42@disqus.com,Female,Universidad CES,Clothing,WCF
148,Aloisia,Boon,aboon43@nature.com,Female,Institut National des Télécommunications,Movies,Youth Empowerment
149,Didi,Ormiston,dormiston44@bigcartel.com,Female,Universität Klagenfurt,Home,Knowledge Sharing
150,Annelise,Ondrak,aondrak45@unesco.org,Female,Salem Teikyo University,Electronics,Capacity Building
151,Benedict,Aronson,baronson46@cocolog-nifty.com,Male,Inönü University,Games,Kosher
152,Bradford,Drinkwater,bdrinkwater47@utexas.edu,Male,Manchester College,Home,Product Development
153,Gilberte,Peascod,gpeascod48@phoca.cz,Female,Parwan University,Grocery,MCDST
154,Petronella,Martt,pmartt49@ucoz.com,Female,"Fine Arts Academy ""Jan Matejko"" in Cracow",Industrial,Rhythm Guitar
155,Melitta,Stoeckle,mstoeckle4a@wix.com,Female,Universidad Católica Argentina Santa Maria de los Buenos Aires,Clothing,HMO
156,Cleon,Howell,chowell4b@cnet.com,Male,Arab Open University,Baby,MyBatis
157,Elsi,Antonchik,eantonchik4c@behance.net,Female,Amoud University,Health,Joint Ventures
158,Korrie,Leynham,kleynham4d@blogs.com,Female,Universidad de La Guajira,Clothing,KWI
159,Pablo,Asken,pasken4e@omniture.com,Male,Bethlehem University,Automotive,ICDL
160,Ruperto,Corinton,rcorinton4f@webnode.com,Male,Guangdong University of Technology,Tools,VMware vSphere
161,Terry,Gilbody,tgilbody4g@dagondesign.com,Male,Columbus University,Movies,CVaR
162,Harlin,Veldens,hveldens4h@cnbc.com,Male,Samara State University,Automotive,Safety Management Systems
163,Izabel,Torricina,itorricina4i@paypal.com,Female,National Taiwan College of Physical Education and Sports,Industrial,KMS
164,Gwennie,Sheards,gsheards4j@twitpic.com,Female,Shanghai Business School,Baby,Xara
165,Margo,Casemore,mcasemore4k@soup.io,Female,Marij State Technical University,Games,MCEV
166,Christiane,Penvarden,cpenvarden4l@scribd.com,Female,Université Paul Sabatier (Toulouse III),Home,GDS systems
167,Neville,Stow,nstow4m@hostgator.com,Male,Maldives National University,Kids,Sustainable Tourism
168,Garrott,Terlinden,gterlinden4n@tamu.edu,Male,Dakota Wesleyan University,Books,Animal Nutrition
169,Lauren,Haswell,lhaswell4o@statcounter.com,Male,"California State University, Northridge",Beauty,Ductwork
170,Gene,Binny,gbinny4p@ezinearticles.com,Female,"City University of New York, Medgar Evers College",Industrial,UVM
171,Reine,Peachman,rpeachman4q@gravatar.com,Female,University of Da Nang,Baby,GSLC
172,Antonella,Spratley,aspratley4r@hexun.com,Female,Universidade do Algarve,Grocery,Art Education
173,Alden,Scholar,ascholar4s@ftc.gov,Male,"Islamic Azad University, Mobarakeh",Jewelery,VRF
174,Ameline,Moscone,amoscone4t@example.com,Female,Yaroslavl State Technical University,Movies,SI
175,Thadeus,Hattigan,thattigan4u@princeton.edu,Male,University of Chittagong,Toys,Development Economics
176,Corbet,Eddleston,ceddleston4v@kickstarter.com,Male,Shiraz University of Medical Sciences,Movies,Xdebug
177,Violet,Gath,vgath4w@mapy.cz,Female,Ecole Nationale Supérieure Electricité et Mécanique,Baby,EE4
178,Amelie,Mayow,amayow4x@baidu.com,Female,Instituto Universitario de La Paz,Tools,Microchip PIC
179,Ogdan,Tomaini,otomaini4y@newyorker.com,Male,Fort Valley State College,Games,Tomcat
180,Gretchen,Stuehmeier,gstuehmeier4z@samsung.com,Female,Universidad Nacional Federico Villarreal,Shoes,Credit Unions
181,Carrissa,Piccop,cpiccop50@w3.org,Female,Akita University,Garden,NMON
182,Caty,Dunnion,cdunnion51@auda.org.au,Female,Free Will Baptist Bible College,Outdoors,Virtualization
183,Jazmin,Jordan,jjordan52@patch.com,Female,University of Pannonia,Books,Valves
184,Fredek,Yeabsley,fyeabsley53@surveymonkey.com,Male,Hochschule Bremerhaven,Computers,Blogger
185,Warren,MacCosty,wmaccosty54@tamu.edu,Male,Wilfrid Laurier University,Sports,Data Collection
186,Salvatore,Throssell,sthrossell55@clickbank.net,Male,Shiraz University of Technology,Tools,DDI Certified
187,Evangeline,Folger,efolger56@1688.com,Female,Slippery Rock University,Tools,MDS 3.0
188,Kalvin,Roy,kroy57@imgur.com,Male,Greenford International University,Baby,Enterprise Software
189,Heall,Connechie,hconnechie58@issuu.com,Male,"Russian Customs Academy, Vladivostok Branch",Sports,MXML
190,Swen,Olek,solek59@ask.com,Male,Elizabeth City State University,Home,Veterinary Medicine
191,Diann,Trattles,dtrattles5a@hexun.com,Female,University of Uyo,Grocery,Screenwriting
192,Melesa,Steane,msteane5b@nydailynews.com,Female,Alsadrain University,Computers,.htaccess
193,Michaelina,Mohamed,mmohamed5c@flickr.com,Female,Free International University of Social Studies,Shoes,MySQL Cluster
194,Rennie,Aldred,raldred5d@blogspot.com,Female,University of Leicester,Sports,Olfaction
195,Eddi,Guidelli,eguidelli5e@ning.com,Female,Bratislava International School of Liberal Arts,Automotive,Avid Media Composer
196,Bartolemo,Ashling,bashling5f@whitehouse.gov,Male,Spertus Institute of Jewish Studies,Tools,Zone Alarm
197,Robbin,Pyrke,rpyrke5g@canalblog.com,Female,Kagoshima University,Toys,General Insurance
198,Tilly,Heady,theady5h@arizona.edu,Female,Universidad Técnica Latinoamericana,Beauty,Xdebug
199,Kinsley,Gallie,kgallie5i@amazonaws.com,Male,Technological University (Mandalay),Clothing,Urban Planning
200,Alessandra,Shields,ashields5j@loc.gov,Female,Emmanuel College,Music,KOL Identification
201,Madella,Fairfoul,mfairfoul5k@arstechnica.com,Female,Bastyr University,Outdoors,NICU
202,Allie,Curtayne,acurtayne5l@epa.gov,Male,Johannes-Gutenberg Universität Mainz,Clothing,Human Computer Interaction
203,Harland,Freezor,hfreezor5m@pinterest.com,Male,Umaru Musa Yar'Adua University ,Tools,MTTR
204,Miguel,Cockton,mcockton5n@slideshare.net,Male,University of Southeastern Philippines,Beauty,Guitar Playing
205,Melantha,Catanheira,mcatanheira5o@printfriendly.com,Female,Kyungil University,Jewelery,RF Planning
206,Jennee,Chasemore,jchasemore5p@state.tx.us,Female,United Business Institute,Home,Xpress
207,Darryl,Blumsom,dblumsom5q@sogou.com,Female,Rhodes University,Industrial,Value Stream Mapping
208,Ber,Scholard,bscholard5r@etsy.com,Male,Satakunta University Of Applied Scinces,Industrial,Classroom
209,Nicolis,Chillcot,nchillcot5s@github.com,Male,Massachusetts Institute of Technology,Games,Oxygen XML Editor
210,Farr,Goldspink,fgoldspink5t@cyberchimps.com,Male,Kwararafa University,Jewelery,Basel II
211,Errick,Theuss,etheuss5u@moonfruit.com,Male,Universidad del Azuay,Shoes,International Sales
212,West,Freyne,wfreyne5v@rakuten.co.jp,Male,Universidade do Algarve,Health,Xactly Incent
213,Tim,McMeanma,tmcmeanma5w@japanpost.jp,Female,"Universidad Nacional Experimental ""Francisco de Miranda""",Computers,VSA
214,Graham,Joiris,gjoiris5x@jimdo.com,Male,Imperial College School of Medicine,Clothing,NCBI
215,Cullin,Brydell,cbrydell5y@indiatimes.com,Male,Trident University,Electronics,Knee
216,Michel,Ca,mca5z@shareasale.com,Female,Universitas Paramadina Mulya,Kids,Documentation
217,Lamond,Trevna,ltrevna60@nationalgeographic.com,Male,Hong Kong Institute of Education,Kids,Vacation Homes
218,Abra,Vause,avause61@deliciousdays.com,Female,Universidad Mayor de San Simón,Music,Motivational Interviewing
219,Meir,Michael,mmichael62@seattletimes.com,Male,"Kazakhstan Institute of Management, Economics, and Strategic Research",Toys,PWB
220,Consuelo,Merrett,cmerrett63@ibm.com,Female,University of Nairobi,Games,Operational Oversight
221,Meridel,Hune,mhune64@buzzfeed.com,Female,Universidad Nacional de Ingeniería,Electronics,Non-profit Volunteering
222,Zeb,MacGow,zmacgow65@boston.com,Male,Ecole Française de Papeterie et des Industries Graphiques,Baby,Customer Service
223,Gustie,Piddington,gpiddington66@ebay.com,Female,University of Nigeria,Health,GPC
224,Leigh,Lesurf,llesurf67@arstechnica.com,Male,Kermanshah University of Technology,Tools,Management
225,Leland,O'Fihily,lofihily68@nymag.com,Male,Universidad de Gerona,Jewelery,AU
226,Yasmin,Ivashchenko,yivashchenko69@nasa.gov,Female,Academy of Public Administration of Belarus,Home,LCL
227,Amy,Benza,abenza6a@bloglines.com,Female,Universidade Católica de Pernambuco,Industrial,Petroleum Geology
228,Ransell,Riddoch,rriddoch6b@mozilla.com,Male,University of the Philippines Open University,Health,International Tax
229,George,Eicke,geicke6c@alexa.com,Male,Universidad de Pamplona,Music,Youth Mentoring
230,Vonnie,Ebbage,vebbage6d@wufoo.com,Female,University of Zambia,Movies,DNA quantification
231,Crista,Simcox,csimcox6e@oakley.com,Female,International Burch University,Kids,Hardware Diagnostics
232,Axel,Giveen,agiveen6f@forbes.com,Male,Politeknik Pos Indonesia,Industrial,Brand Equity
233,Harley,Bramley,hbramley6g@networkadvertising.org,Female,Universidade Cidade de São Paulo,Toys,IKE
234,Elissa,Scholling,escholling6h@admin.ch,Female,Mount St. Mary's College Maryland,Home,Gynecology
235,Pamela,Pietroni,ppietroni6i@engadget.com,Female,CMJ University,Computers,Image Editing
236,Lorrin,Speak,lspeak6j@ucoz.ru,Female,University of Art and Design Cluj-Napoca,Shoes,RLM
237,Sal,Hardwell,shardwell6k@dion.ne.jp,Male,Orissa University of Agriculture and Technology,Computers,UCC filings
238,Thorny,Wedon,twedon6l@posterous.com,Male,École des Hautes Études Commerciales,Automotive,Tunneling
239,Nikkie,Broadbridge,nbroadbridge6m@tripod.com,Female,Western Kentucky University,Books,PCS7
240,Winslow,Hew,whew6n@paypal.com,Male,Montana State University - Billings,Kids,PSD
241,Alexandra,Robke,arobke6o@mysql.com,Female,Kameshwar Singh Darbhanga Sanskrit University,Shoes,Oil Paint
242,Alameda,Luke,aluke6p@ning.com,Female,Katholische Fachhochschule Norddeutschland,Kids,Workplace Violence
243,Dorey,Petry,dpetry6q@bizjournals.com,Male,"Universitatea de Vest ""Vasile Goldi&#351;"" ",Jewelery,EOR
244,Jackie,Moorcraft,jmoorcraft6r@symantec.com,Male,University of Trinidad and Tobago,Outdoors,FSA
245,Washington,Gwyllt,wgwyllt6s@friendfeed.com,Male,Centro Universitário Plinio Leite,Grocery,Integration
246,Koo,Dablin,kdablin6t@ovh.net,Female,Southwestern University,Kids,eCTD
247,Gunter,Shepard,gshepard6u@networksolutions.com,Male,Universidad Adventista de Bolivia,Sports,FFT
248,Orran,Clousley,oclousley6v@dell.com,Male,Mount St. Mary's College California,Health,Utility Industry
249,Boonie,Tchir,btchir6w@yale.edu,Male,University of Technology Jamaica,Garden,HIPAA
250,Ab,Stivani,astivani6x@zdnet.com,Male,Hagerstown Community College,Shoes,Eggs
251,Keefer,Bibby,kbibby6y@ebay.co.uk,Male,Akita University,Home,OEMs
252,Ulric,Myton,umyton6z@salon.com,Male,Aksum University,Electronics,NT Backup
253,Zorah,Cudiff,zcudiff70@yahoo.co.jp,Female,Rikkyo University (St. Paul's University),Music,QC 9.2
254,Noah,Conre,nconre71@psu.edu,Male,Suleyman Demirel University,Toys,MMIS
255,Wolfgang,Alldre,walldre72@oracle.com,Male,Amherst College,Industrial,Game Design
256,Katinka,Warriner,kwarriner73@ft.com,Female,Institut National des Sciences Appliquées de Lyon,Baby,NYMEX
257,Any,Pashe,apashe74@huffingtonpost.com,Male,Florida University of Medicine,Music,RDz
258,Padgett,Lemme,plemme75@phoca.cz,Male,Universitas Pesantren Darul Ulum Jombang,Games,GNU C++
259,Ermanno,Poinsett,epoinsett76@youtube.com,Male,"Arizona State University, West Campus",Books,Sales Management
260,Rem,Sherrard,rsherrard77@dedecms.com,Male,Lakeland College,Games,Corporate Governance
261,Vitoria,Wickendon,vwickendon78@buzzfeed.com,Female,Centro Universitário Senac,Garden,Java
262,Blakeley,Targett,btargett79@baidu.com,Female,Université de Metz,Grocery,DDL
263,Josiah,Longshaw,jlongshaw7a@live.com,Male,Enugu State University of Science and Technology,Industrial,Object Oriented Modeling
264,Sue,Dunk,sdunk7b@bloglines.com,Female,Ondokuz Mayis University Samsun,Electronics,CEO/CFO Certification
265,Osgood,Readie,oreadie7c@simplemachines.org,Male,Universitas Pancasila,Games,VMware vSphere
266,Kylila,Le Hucquet,klehucquet7d@shareasale.com,Female,Universidad Fermin Toro,Baby,SAP MM Module
267,Gardener,Fosdyke,gfosdyke7e@soup.io,Male,Universidad Adventista del Plata,Home,SMS
268,D'arcy,Trass,dtrass7f@homestead.com,Male,Universität der Bundeswehr Hamburg,Industrial,Crisis Communications
269,Brandie,Abramovitz,babramovitz7g@kickstarter.com,Female,University of Trinidad and Tobago,Games,Brokerage
270,Trstram,Repper,trepper7h@themeforest.net,Male,Universidad de La Amazonia,Grocery,GSA Schedule
271,Dana,Dulwitch,ddulwitch7i@bluehost.com,Female,Sistema Universitario Ana G. Méndez,Sports,APQP
272,Jasmina,Chatenet,jchatenet7j@google.com,Female,American World University,Clothing,CWSP
273,Nolly,January,njanuary7k@cdc.gov,Male,Hokkaigakuen University of Kitami,Industrial,CSAT
274,Ravi,Bowlas,rbowlas7l@marriott.com,Male,Vietnam National University of Agriculture,Beauty,Music Education
275,Elroy,Cheverton,echeverton7m@wikipedia.org,Male,Baker College of Mount Clemens,Garden,PDMLink
276,Rycca,Ratledge,rratledge7n@fda.gov,Female,Kolej Universiti Insaniah,Baby,LTSP
277,Lilllie,Ert,lert7o@cdbaby.com,Female,Yarmouk University,Beauty,JNDI
278,Early,Pearton,epearton7p@disqus.com,Male,Colegio de San Juan de Letran,Garden,WCSF
279,Wainwright,Utteridge,wutteridge7q@slate.com,Male,Damietta University,Shoes,FX Swaps
280,Cindy,Stolz,cstolz7r@seattletimes.com,Female,"University of Maine, Augusta",Grocery,Aftersales
281,Ardella,Ickovicz,aickovicz7s@seattletimes.com,Female,St. Petersburg State University of Waterway Communications,Kids,RHEV
282,Trisha,Lemmon,tlemmon7t@ihg.com,Female,Central Baptist College,Games,Gw Basic
283,Chickie,Arnefield,carnefield7u@gizmodo.com,Male,Nawroz University,Home,QR
284,Ivie,Corston,icorston7v@wix.com,Female,Mendel University of Agriculture and Forestry,Kids,Event Photography
285,Ninnetta,Menhenitt,nmenhenitt7w@si.edu,Female,Universidad del Quindío,Health,ZBrush
286,Hendrik,L'Amie,hlamie7x@4shared.com,Male,University of the South Pacific,Beauty,Drums
287,Barthel,Blowne,bblowne7y@skype.com,Male,Coastal Carolina University,Health,Usability Testing
288,Malachi,Odcroft,modcroft7z@woothemes.com,Male,Universidade Federal de Pelotas,Beauty,Applied Kinesiology
289,Nadia,Teare,nteare80@gnu.org,Female,Angeles University,Electronics,CPI
290,Bentley,Easbie,beasbie81@google.ca,Male,Miyagi University,Tools,Pyramid
291,Paige,Matschoss,pmatschoss82@unicef.org,Female,Yonsei University,Clothing,PKI
292,Rourke,Cesaric,rcesaric83@wp.com,Male,Minnesota School of Professional Psychology,Toys,TDM
293,Idalina,Triggs,itriggs84@comsenz.com,Female,Kamakura Women's College,Electronics,National Security
294,Nonnah,Hillett,nhillett85@github.com,Female,St. Petersburg State University of Engineering and Economics,Toys,Hiring
295,Meg,Cockle,mcockle86@squarespace.com,Female,Catholic University of Eastern Africa,Garden,VLSM
296,Witty,Le Barr,wlebarr87@xinhuanet.com,Male,Universidad San Juan de la Cruz,Computers,PV Design
297,Curtice,Blaney,cblaney88@exblog.jp,Male,Chaminade University of Honolulu,Games,CQT
298,Amberly,Calender,acalender89@netvibes.com,Female,Moldova State University,Games,Snowmobile
299,Min,Skitt,mskitt8a@amazon.co.jp,Female,University of Oklahoma Health Sciences Center,Garden,Adult CPR
300,Rance,Davidsohn,rdavidsohn8b@edublogs.org,Male,Fachhochschule Schmalkalden,Home,Rational DOORS
301,Bird,Smalls,bsmalls8c@indiegogo.com,Female,Universidad Casa Grande,Shoes,Kayak
302,Tawsha,O'Hern,tohern8d@shutterfly.com,Female,West Virginia University,Music,Gmail
303,Helena,Langeley,hlangeley8e@artisteer.com,Female,Kanagawa Institute of Technology,Books,History
304,Nollie,Ivermee,nivermee8f@senate.gov,Female,International School of Management ISM Dortmund,Automotive,IBM Mainframe
305,Babara,MacMenamin,bmacmenamin8g@fema.gov,Female,Indus Institute of Higher Education,Games,Algebra
306,Gwendolen,Bruin,gbruin8h@discuz.net,Female,University of South Carolina - Lancaster,Outdoors,Teaching Writing
307,Albertina,Duiged,aduiged8i@nps.gov,Female,Universidad Adventista del Plata,Outdoors,Portrait Photography
308,Gauthier,Turri,gturri8j@youku.com,Male,Universidade Cidade de São Paulo,Health,Attendance Management
309,Rog,Sainthill,rsainthill8k@printfriendly.com,Male,Universidad de Ciencias Aplicadas y Ambientales (UDCA),Beauty,Jigs
310,Bret,Synnot,bsynnot8l@storify.com,Male,Ashiya University,Industrial,Cash Handling
311,Hetty,Scrowston,hscrowston8m@imgur.com,Female,"Universidad de Puerto Rico, Ciencias Medicas",Music,Market Knowledge
312,Jamie,Roof,jroof8n@godaddy.com,Male,Qafqaz University,Home,TCPA
313,Moishe,Schukraft,mschukraft8o@goo.ne.jp,Male,Maldives National University,Toys,RMIS
314,Geoffrey,Doust,gdoust8p@tripadvisor.com,Male,University Medical School of Debrecen,Books,RRP
315,Stephen,Cawston,scawston8q@flickr.com,Male,Silesian School of Economics and Languages,Clothing,FTTH
316,Hunt,Dimblebee,hdimblebee8r@hugedomains.com,Male,Mahasarakham University,Books,Customer Engagement
317,Murdoch,Emanulsson,memanulsson8s@ftc.gov,Male,Mount St. Mary College,Automotive,Project Management
318,Malena,Enion,menion8t@fc2.com,Female,Universidad Central de Bayamón,Baby,Norton Utilities
319,Isaak,Rigg,irigg8u@princeton.edu,Male,International College,Home,High Sense Of Urgency
320,Broddy,Mangham,bmangham8v@nymag.com,Male,Universitas Bakrie,Books,DPM 2010
321,Dale,De Stoop,ddestoop8w@bigcartel.com,Female,Medizinische Universität Lübeck,Toys,Cash Flow
322,Bride,Agus,bagus8x@so-net.ne.jp,Female,Universidad EAFIT,Beauty,Software Implementation
323,Raddie,Yosselevitch,ryosselevitch8y@baidu.com,Male,Universitas Muslim Indonesia,Health,GAAP
324,Rossy,Coster,rcoster8z@smh.com.au,Male,Jacobs University Bremen,Books,Internet Yellow Pages
325,Jocko,Kliche,jkliche90@cbc.ca,Male,"University Institute of Teacher Training ""Suor Orsola Benincasa""",Baby,Keratin Treatment
326,Sherye,Paszak,spaszak91@symantec.com,Female,Baylor University,Books,Knowledge-hungry Learner
327,Hazel,Lovering,hlovering92@friendfeed.com,Male,Universidad Adventista del Plata,Baby,KDevelop
328,Page,Friman,pfriman93@tripod.com,Male,Tianjin Medical University,Grocery,Visual Merchandising
329,Salomone,Hamlin,shamlin94@livejournal.com,Male,Bloomsburg University of Pennsylvania,Industrial,Turkish
330,Roby,Cantera,rcantera95@ustream.tv,Female,Paine College,Jewelery,Computer Hardware
331,Dannie,Johncey,djohncey96@dedecms.com,Female,Azerbaijan Toursim Institute,Games,PPC Bid Management
332,Fayth,Chiese,fchiese97@accuweather.com,Female,Universidad de Cuautitlan Izcalli,Sports,DNA Repair
333,Opal,Oldroyde,ooldroyde98@redcross.org,Female,University of Minnesota - Twin Cities Campus,Grocery,CISSP
334,Jsandye,Ciccarelli,jciccarelli99@bizjournals.com,Female,Dominion College,Clothing,XML Spy
335,Fawne,Schruyers,fschruyers9a@twitpic.com,Female,Providence University,Movies,HDRI
336,Sile,Ridgway,sridgway9b@independent.co.uk,Female,Dartmouth College,Electronics,Offshoring
337,Judye,Landsman,jlandsman9c@toplist.cz,Female,"International Islamic University, Islamabad",Garden,Organizational Leadership
338,Bruce,Antoniak,bantoniak9d@msn.com,Male,Northeastern University,Sports,WLAN
339,Godiva,Prosser,gprosser9e@dagondesign.com,Female,Warner Pacific College,Sports,Labor Relations
340,Shani,Luton,sluton9f@simplemachines.org,Female,"Federal College Of Education (Technical), Akoka",Shoes,HUET
341,Crysta,Gerrelt,cgerrelt9g@prweb.com,Female,"National American University, Denver",Jewelery,Embedded C
342,Riane,Rolfs,rrolfs9h@newyorker.com,Female,Universidad de Especialidades Turísticas ,Computers,Slovak
343,Audra,Boakes,aboakes9i@trellian.com,Female,State University of New York (SUNY),Movies,Water Management
344,Trina,McNiff,tmcniff9j@indiatimes.com,Female,Ural State Academy of Railway Transport,Sports,GCPs
345,Jacquie,Duddle,jduddle9k@chicagotribune.com,Female,Southwest University of Nationalities,Computers,Oligonucleotides
346,Armstrong,Benner,abenner9l@dailymail.co.uk,Male,University of Agriculture and Veterinary Medicine Bucharest,Tools,CQ5
347,Tessi,Rickards,trickards9m@odnoklassniki.ru,Female,Cleary College,Computers,LCD
348,Gabie,O'Crigan,gocrigan9n@blinklist.com,Female,College of Osteopathic Medicine of the Pacific (Western University of Health Sciences),Movies,Overhaul
349,Daphene,Horsewood,dhorsewood9o@goo.ne.jp,Female,Instituto Tecnológico de Buenos Aires,Tools,Job Analysis
350,Cobbie,Bambury,cbambury9p@github.io,Male,"University of Roma ""Tor Vergata""",Grocery,KCS
351,Gamaliel,Huckell,ghuckell9q@hubpages.com,Male,Ilia Chavchavadze State University,Movies,BSC
352,Morry,Bartoshevich,mbartoshevich9r@nba.com,Male,Universitas Advent Indonesia,Tools,Sony Vegas
353,Decca,Jiroutka,djiroutka9s@godaddy.com,Male,University of Western Australia,Jewelery,DMU
354,Effie,Trathan,etrathan9t@mayoclinic.com,Female,Al Maarif University College,Automotive,NCFM Certified
355,Aggie,Ivantsov,aivantsov9u@china.com.cn,Female,ITT Technical Institute Maitland,Movies,Aircraft Systems
356,Wainwright,Dewett,wdewett9v@blinklist.com,Male,Universidad Nacional de Piura,Music,DL1
357,Remy,Maylin,rmaylin9w@microsoft.com,Female,University of the Southern Caribbean,Jewelery,OTV
358,Borden,Dozdill,bdozdill9x@trellian.com,Male,Aarhus School of Architecture,Movies,SFR
359,Aldon,Gallyon,agallyon9y@nationalgeographic.com,Male,Dalhousie University,Jewelery,WFS
360,Tracey,Tryhorn,ttryhorn9z@alexa.com,Male,Université de Bamako,Books,Marketing Communications
361,Aldin,Strick,astricka0@typepad.com,Male,Shawnee Community College,Outdoors,Scheduling
362,Austine,Rosenthaler,arosenthalera1@reference.com,Female,National University,Shoes,Twist
363,Ted,Raper,trapera2@unicef.org,Female,Universidad Pedagogica Nacional,Grocery,AQTESOLV
364,Yevette,Costa,ycostaa3@flickr.com,Female,George Brown College,Grocery,BtB
365,Nicholas,Aronstam,naronstama4@t.co,Male,Universidade Estadual do Maranhão,Tools,Swimming
366,Darryl,Sickert,dsickerta5@usatoday.com,Male,Western New Mexico University,Electronics,OmniGraffle
367,Lannie,Stallen,lstallena6@foxnews.com,Male,Université Mohammed V - Souissi,Kids,GNU C
368,Burty,Swayte,bswaytea7@fastcompany.com,Male,Université Kongo,Electronics,Hedge Funds
369,Aloin,Dell Casa,adellcasaa8@uiuc.edu,Male,Fuzhou University,Tools,Special Events Coordination
370,Coral,Lossman,clossmana9@mail.ru,Female,I.M. Sechenov Moscow Medical Academy,Baby,Sports Injuries
371,Eugene,Farrington,efarringtonaa@hao123.com,Male,Isabela State University,Electronics,Virtualization
372,Delcine,Runnacles,drunnaclesab@smugmug.com,Female,"Sharif University of Technology, Kish Campus",Garden,OTV
373,Laird,McGillivrie,lmcgillivrieac@over-blog.com,Male,Universitat Autónoma de Barcelona,Computers,Egyptian Arabic
374,Rory,Muress,rmuressad@unc.edu,Female,Shandong University of Art and Design,Tools,WTP
375,Ross,Switland,rswitlandae@blogtalkradio.com,Male,Zhejiang Normal University,Games,Voiceovers
376,Terrill,Bellham,tbellhamaf@bravesites.com,Male,Cross River University of Science and Technology,Music,MS Axapta
377,Alessandra,Gierck,agierckag@hud.gov,Female,Université de Sétif,Grocery,Dry Eye
378,Sukey,Deluce,sdeluceah@histats.com,Female,Centro Universitario Ciudad Vieja,Toys,jQuery UI
379,Bee,Rumble,brumbleai@sakura.ne.jp,Female,Universidad Autónoma de Manizales,Computers,Lutron
380,Jose,Yukhnini,jyukhniniaj@independent.co.uk,Male,Universidad Dominicana O&M,Clothing,OLED
381,Claudina,Weson,cwesonak@quantcast.com,Female,Fachhochschule Düsseldorf,Garden,Case Management
382,Dugald,Taylor,dtayloral@hud.gov,Male,Vilnius Academy of Arts,Garden,HLA
383,Illa,Sheryn,isherynam@hao123.com,Female,Tsurumi University,Beauty,CA Unicenter NSM
384,Terrence,Karolewski,tkarolewskian@sun.com,Male,Technische Universität Clausthal,Baby,Vulnerability Scanning
385,Leeland,Minard,lminardao@zimbio.com,Male,Mansfield University of Pennsylvania,Baby,Cellular Communications
386,Jamal,Alennikov,jalennikovap@mayoclinic.com,Male,Islamia University of Bahawalpur,Jewelery,xBase
387,Gabriell,McNutt,gmcnuttaq@hao123.com,Female,University College Bahrain,Home,IT Operations
388,Del,Matejovsky,dmatejovskyar@businesswire.com,Male,Webster University,Kids,Urban Regeneration
389,Irving,Boler,iboleras@ebay.co.uk,Male,Texas A&M University - Corpus Christi,Games,International Human Rights
390,Aylmar,Cosgry,acosgryat@whitehouse.gov,Male,Trinity College of Florida,Books,MTT
391,Eleni,Bloan,ebloanau@friendfeed.com,Female,National Pingtung Teachers College,Grocery,IBM iSeries
392,Clem,Armatage,carmatageav@google.it,Female,Otemae University,Music,YUI
393,Ezra,Orring,eorringaw@addtoany.com,Male,DEI Bachelor & Master Degrees,Health,Group Work
394,Milicent,Hayller,mhayllerax@themeforest.net,Female,Katharine Gibbs School,Automotive,Flight Training
395,Tito,Pattini,tpattiniay@tiny.cc,Male,Meru University of Science and Technology,Books,DDE
396,Caleb,Worrall,cworrallaz@slideshare.net,Male,Southwest University of Finance and Economics,Health,Django
397,Mirabella,Baal,mbaalb0@geocities.com,Female,Chosun University,Sports,RHEV
398,Ashien,Rowthorne,arowthorneb1@barnesandnoble.com,Female,Palm Beach State College,Movies,Equities
399,Marwin,Tregiddo,mtregiddob2@simplemachines.org,Male,Gyeongju University,Industrial,SBIR
400,Margarethe,Currin,mcurrinb3@youtube.com,Female,Tokushima University,Movies,WLM
401,Armand,Ledbury,aledburyb4@go.com,Male,Sana'a University,Health,CDM
402,Corbie,Blakeway,cblakewayb5@squarespace.com,Male,Ecole Centrale d'Electronique - ECE,Clothing,Embedded C
403,Grace,Jankiewicz,gjankiewiczb6@github.io,Male,National Technical University (Kharkiv Polytechnical Institute),Kids,jQuery Mobile
404,Charis,Alderman,caldermanb7@imgur.com,Female,Breyer State University (Virtual University),Baby,GST
405,Martita,Seargeant,mseargeantb8@nbcnews.com,Female,Kosin University,Computers,Organization Skills
406,Ellie,Lemmon,elemmonb9@ed.gov,Female,Technological University (Thanlyin),Outdoors,Japanese to English
407,Chrissy,Memory,cmemoryba@springer.com,Male,Groupe Sup de Co Amiens Picardie,Baby,Pyrosequencing
408,Carlye,Le Moucheux,clemoucheuxbb@oracle.com,Female,Arab Open University,Tools,FDA GMP
409,Frasquito,Kemster,fkemsterbc@csmonitor.com,Male,Capitol College,Toys,IEEE standards
410,Catlee,Rust,crustbd@4shared.com,Female,Universitas Katolik Parahyangan,Industrial,Benefits Administration
411,Alane,Kimberly,akimberlybe@slideshare.net,Female,Cagayan State University,Tools,USB
412,Dicky,Bandy,dbandybf@examiner.com,Male,Nippon Medical School,Shoes,DFT
413,Scarlet,Ruecastle,sruecastlebg@mapy.cz,Female,Sichuan Fine Art Institute,Games,Socket.io
414,Gypsy,Crass,gcrassbh@comsenz.com,Female,Université de Bretagne Sud,Books,PKCS
415,Pembroke,Parradine,pparradinebi@springer.com,Male,University of Science and Technology of China,Toys,Situational Awareness
416,Amos,Cutforth,acutforthbj@soundcloud.com,Male,Ohio Northern University,Toys,Governmental Affairs
417,Dianna,Pointon,dpointonbk@patch.com,Female,Fachhochschule JOANNEUM,Outdoors,Metal Fabrication
418,Micheil,Langelaan,mlangelaanbl@hhs.gov,Male,University of Missouri - Kansas City,Shoes,JSP440
419,Cayla,McCaster,cmccasterbm@amazon.co.uk,Female,Masinde Muliro University of Science and Technology,Kids,HDLC
420,Gill,Dickon,gdickonbn@constantcontact.com,Female,Bangabandhu Sheikh Mujibur Rahman Agricultural University,Tools,Akamai
421,Ring,Killingworth,rkillingworthbo@list-manage.com,Male,"Indian Institute of Technology, Madras",Kids,Investments
422,Tybalt,Sprigin,tspriginbp@github.com,Male,Universidad Adventista de Chile,Garden,IGRT
423,Basilio,Kinahan,bkinahanbq@goo.ne.jp,Male,Gubkin Russian State University of Oil and Gas,Books,MHP
424,Roseanna,Tripet,rtripetbr@qq.com,Female,University of Verona,Shoes,Mental Health
425,Alane,Eastope,aeastopebs@npr.org,Female,Okinawa International University,Beauty,BMD
426,Mariya,Bulpitt,mbulpittbt@qq.com,Female,Universidad Tecnológica Centroamericana,Music,UB04
427,Reinald,Hallows,rhallowsbu@cbslocal.com,Male,East Kazakhstan State University,Books,MSN AdCenter
428,Aldridge,Bathersby,abathersbybv@wired.com,Male,Tarim University,Outdoors,DFU
429,Rosabel,Kemball,rkemballbw@wikimedia.org,Female,Rosemont College,Toys,Immunohistochemistry
430,Lawry,Loidl,lloidlbx@51.la,Male,Northwest University,Grocery,Wellbeing
431,Eugenius,Stonhard,estonhardby@google.de,Male,Sohag University,Grocery,RMF
432,Nikolai,Warrier,nwarrierbz@netvibes.com,Male,Hampton University,Toys,Materials Science
433,Alexis,Greatbatch,agreatbatchc0@csmonitor.com,Male,Institut Teknologi Bandung,Electronics,EU Law
434,Gareth,Peoples,gpeoplesc1@nationalgeographic.com,Male,Sungkyul University,Baby,Customer Support
435,Devland,Phizackarley,dphizackarleyc2@fda.gov,Male,Malayer University,Music,Climate Change
436,Isidora,Thrustle,ithrustlec3@ted.com,Female,Kirksville College of Osteopathic Medicine,Toys,ICD-10
437,Magda,Mogra,mmograc4@etsy.com,Female,University of San Francisco,Beauty,Transportation
438,Trula,Abramowitz,tabramowitzc5@xing.com,Female,Universitas Negeri Makassar,Automotive,Oligonucleotide Synthesis
439,Rozalin,Ormshaw,rormshawc6@uiuc.edu,Female,Université de Tunis El Manar,Clothing,Logistics Management
440,Peirce,Barthel,pbarthelc7@marriott.com,Male,Georgian Court College,Outdoors,Omnis
441,Tybie,Duce,tducec8@bloglovin.com,Female,Faculdades Integradas Toledo,Outdoors,Administrative Law
442,Horten,O'Currigan,hocurriganc9@fc2.com,Male,University of Reading,Automotive,TCM
443,Artemis,Nijssen,anijssenca@timesonline.co.uk,Male,Ewha Women's University,Tools,Youth Work
444,Aland,Mish,amishcb@g.co,Male,Universidad Argentina de la Empresa,Grocery,Jewish Studies
445,Leshia,Sherrott,lsherrottcc@nationalgeographic.com,Female,Ryukoku University,Home,Product Marketing
446,Efren,Eskriett,eeskriettcd@nhs.uk,Male,Gift University,Music,Agilent ADS
447,Augustine,Finlaison,afinlaisonce@wufoo.com,Female,University of the Virgin Islands,Computers,Energy Efficiency
448,Gae,Ellse,gellsecf@ihg.com,Female,College of Education Oju,Sports,FX Options
449,Bartholomeo,McFee,bmcfeecg@zdnet.com,Male,Universidad Austral de Chile,Clothing,Xbox 360
450,Burnaby,Ferri,bferrich@skype.com,Male,Adigrat University,Beauty,Field Work
451,Janet,Dunbleton,jdunbletonci@usatoday.com,Female,St. Petersburg State Chemical Pharmaceutical Academy,Jewelery,Android
452,Shalne,Goldspink,sgoldspinkcj@bloglines.com,Female,Manuel L. Quezon University,Tools,Geotechnical Engineering
453,Engelbert,Andresser,eandresserck@cdbaby.com,Male,Fundacion Escuela Colombiana de Rehabiliación,Grocery,European History
454,Robby,Sedgeman,rsedgemancl@i2i.jp,Male,Majmaah University,Music,Switching
455,Sollie,Penhaleurack,spenhaleurackcm@skype.com,Male,Ecole des Hautes Etudes Commerciales MAROC,Garden,JDE Enterprise One
456,Ezra,Devereux,edevereuxcn@ovh.net,Male,National University of Defense Technology,Garden,Reactive Ion Etching
457,Forrest,Covington,fcovingtonco@surveymonkey.com,Male,"University of Mining and Geology ""St. Ivan Rils""",Jewelery,Creative Direction
458,Letitia,Seif,lseifcp@ted.com,Female,Universitas Advent Indonesia,Kids,Phase II ESA
459,Claudia,Ivashechkin,civashechkincq@arstechnica.com,Female,Universidad José Antonio Páez,Movies,ODM
460,Lynnelle,Juanico,ljuanicocr@sakura.ne.jp,Female,Hafencity Universität Hamburg,Games,Guitar
461,Elbert,Bielfeld,ebielfeldcs@ustream.tv,Male,Nizam's Institute of Medical Sciences,Movies,Hyperion
462,Inessa,Marvelley,imarvelleyct@bbb.org,Female,Universidad del Magdalena,Computers,Urban Design
463,Carie,Kettell,ckettellcu@ehow.com,Female,Riyadh College of Dentistry and Pharmacy,Garden,Security Audits
464,Roxi,Klewi,rklewicv@livejournal.com,Female,"Fachhochschule Hildesheim/Holzminden/Göttingen, Hochschule für angewandte Wissenschaft und Kunst",Tools,RSA enVision
465,Edd,Thornbarrow,ethornbarrowcw@ca.gov,Male,University of Texas of the Permian Basin,Automotive,VSEO
466,Zachary,Zavattieri,zzavattiericx@about.com,Male,Eckerd College,Garden,Odyssey
467,Nathanial,Backwell,nbackwellcy@cbc.ca,Male,Eastern Michigan University,Toys,Embedded SQL
468,Cynde,Nornable,cnornablecz@microsoft.com,Female,Busoga University,Toys,Flow Cytometry
469,Aura,Rollinshaw,arollinshawd0@lulu.com,Female,National Taipei Teachers College,Garden,OTV
470,Guglielmo,Koles,gkolesd1@si.edu,Male,Northwestern College St. Paul,Beauty,Pyramix
471,Camella,Sussems,csussemsd2@360.cn,Female,Sri Padmavati Women's University,Movies,Corporate Governance
472,Wilhelmina,Braikenridge,wbraikenridged3@ebay.co.uk,Female,Technological University (Magway),Outdoors,MRI Software
473,Cyrille,Tomasz,ctomaszd4@spotify.com,Male,Bindura University of Science Education,Toys,PTF
474,Candie,Cameron,ccamerond5@soundcloud.com,Female,Paris-Sorbonne University Abu Dhabi,Jewelery,E-on Vue
475,Fernande,Beardsley,fbeardsleyd6@deliciousdays.com,Female,Taraba State University,Shoes,MPLS
476,Philippe,Chadwick,pchadwickd7@blogtalkradio.com,Female,University of Toronto,Baby,CGI programming
477,Ignatius,Pritchard,ipritchardd8@fema.gov,Male,Penang International Dental College,Games,Jenkins
478,Cos,Clewlowe,cclewlowed9@amazon.co.jp,Male,University of South Africa,Beauty,Business Intelligence
479,Margarethe,Giorio,mgiorioda@domainmarket.com,Female,University Medical School of Pécs,Outdoors,KBOX
480,Lionel,McCahill,lmccahilldb@rakuten.co.jp,Male,Obong University,Music,SSH
481,Doralynn,Toomer,dtoomerdc@addtoany.com,Female,Fukuoka International University,Home,Universal Life
482,Lisha,Aldis,laldisdd@vkontakte.ru,Female,Phranakhon Si Ayutthaya Rajabhat University,Movies,OTP
483,Ruth,Haverson,rhaversonde@icq.com,Female,Heinrich-Heine Universität Düsseldorf,Clothing,NSIS
484,Giffie,Bannard,gbannarddf@marriott.com,Male,Tashkent Automobile and Roads Institute,Electronics,FBA
485,Roz,Draaisma,rdraaismadg@bing.com,Female,"Institute of Teachers Education, Sultan Abdul Halim",Games,JCT
486,Clark,Brockington,cbrockingtondh@biblegateway.com,Male,Gollis University,Games,WDM
487,Frieda,Poynton,fpoyntondi@furl.net,Female,University of Helsinki,Industrial,Weapons
488,Kelsy,Bugge,kbuggedj@un.org,Female,Isra University,Computers,CMS
489,Celine,Lefley,clefleydk@state.tx.us,Female,Université de la Manouba,Books,Computer Graphics
490,Thornie,Scoon,tscoondl@mit.edu,Male,University of Vaasa,Games,DH+
491,Daveta,Devenny,ddevennydm@i2i.jp,Female,Fachhochschulstudiengänge Wels,Tools,Seismic Attributes
492,Marten,Ferson,mfersondn@imdb.com,Male,Senshu University,Kids,Xenix
493,Kaela,MacInherney,kmacinherneydo@slate.com,Female,Greenford International University,Health,Japanese to English
494,Clyve,Bremner,cbremnerdp@huffingtonpost.com,Male,University of East,Music,Network Administration
495,Sherline,Bisseker,sbissekerdq@prnewswire.com,Female,China Pharmaceutical University Nanjing,Health,iHotelier
496,Clementius,Wordsley,cwordsleydr@google.de,Male,Christopher Newport University,Toys,Financial Modeling
497,Oliver,Duker,odukerds@wikia.com,Male,Dilla University,Automotive,Software Project Management
498,Cherlyn,Chang,cchangdt@ted.com,Female,Fachhochschule Krems,Industrial,FDQM
499,Morris,Healy,mhealydu@salon.com,Male,Institute for Advanced Studies Lucca,Clothing,FX Animation
500,Daisie,Antoney,dantoneydv@bloglines.com,Female,Missouri Baptist College,Grocery,BMC Patrol
501,Iosep,Furtado,ifurtadodw@homestead.com,Male,Academy of Art College,Tools,SnapMirror
502,Joy,Corney,jcorneydx@biblegateway.com,Female,Humber College,Beauty,SD
503,Cleopatra,Heintzsch,cheintzschdy@java.com,Female,St. Xavier University,Clothing,Special Education
504,Hagan,Hempel,hhempeldz@etsy.com,Male,Northeast Agricultural University,Music,Nightlife
505,Ervin,Jime,ejimee0@imdb.com,Male,Ecole Normale Supérieure de Paris,Shoes,SaaS
506,Barret,Serfati,bserfatie1@msn.com,Male,University of Central Oklahoma,Clothing,ISO 14001
507,Elberta,Nott,enotte2@howstuffworks.com,Female,Universidade de Mogi das Cruzes,Home,Microsoft Publisher
508,Renee,Gater,rgatere3@mozilla.org,Female,Orkhon University,Baby,EViews
509,Arne,Ackenson,aackensone4@state.gov,Male,Technical University of Crete,Kids,Objective-C
510,Roland,Keepe,rkeepee5@jalbum.net,Male,Imo State University,Tools,Manufacturing
511,Rhody,Bastin,rbastine6@stanford.edu,Female,RMIT International University Vietnam,Sports,WSIB Claims Management
512,Schuyler,Haveline,shavelinee7@surveymonkey.com,Male,Irbid National University,Garden,RSpec
513,Marie,Hepher,mhephere8@jalbum.net,Female,Samarkand State University,Outdoors,Equity Valuation
514,Marcelo,Chapleo,mchapleoe9@live.com,Male,Universidad Nacional Federico Villarreal,Toys,AV Integration
515,Ginny,Braunle,gbraunleea@w3.org,Female,Heilongjiang August 1st Reclamation University,Beauty,RCS
516,Chane,Carmont,ccarmonteb@unicef.org,Male,East Kazakstan State Technical University,Health,Grants
517,Valentine,Prater,vpraterec@mysql.com,Female,Asia University,Electronics,FSP
518,Anatola,Sinnett,asinnetted@istockphoto.com,Female,Bellin College of Nursing,Beauty,Hydrography
519,Kasey,Collinwood,kcollinwoodee@networksolutions.com,Female,Escuela Politécnica de Chimborazo,Toys,Workplace Safety
520,Paige,Pell,ppellef@ibm.com,Male,Kigali Independent University,Automotive,Pymol
521,Tanner,Tuft,ttufteg@cnn.com,Male,Nicolaus Copernicus University of Torun,Computers,Avionics
522,Ellette,Goodhew,egoodheweh@whitehouse.gov,Female,University of Central Oklahoma,Jewelery,HPHT
523,Lindi,Acres,lacresei@geocities.jp,Female,"St. Francis College, Fort Wayne",Automotive,Github
524,Nikola,Franzettoini,nfranzettoiniej@drupal.org,Male,Emporia State University,Beauty,HD Camera Operation
525,Dena,Sinclar,dsinclarek@studiopress.com,Female,Gifu Women's University,Kids,HR Solutions
526,Perice,Lyngsted,plyngstedel@rediff.com,Male,Mount Saint Vincent University,Beauty,Kinetic Typography
527,Niki,Butcher,nbutcherem@ocn.ne.jp,Male,Universidad Santa Paula,Electronics,OS X
528,Estrella,Spurling,espurlingen@sfgate.com,Female,Southern California College,Beauty,Registered Patent Attorney
529,Larry,Dominik,ldominikeo@hc360.com,Male,Institute of Management & Enteurpreneurship of South East Europe,Beauty,Digital Electronics
530,Darn,Gellan,dgellanep@mit.edu,Male,Hokkaigakuen University,Electronics,Human Capital
531,Merry,Ginity,mginityeq@umich.edu,Female,Hanoi Medical University,Books,SCADA
532,Maiga,Larchiere,mlarchiereer@macromedia.com,Female,Niigata University of International and Information Studies,Beauty,SolidWorks
533,Hinze,Addis,haddises@yale.edu,Male,University of Saint Joseph,Kids,Xetra
534,Gelya,Muccino,gmuccinoet@google.com.br,Female,Bilecik University,Shoes,Ice Cream
535,Zachary,Winborn,zwinborneu@symantec.com,Male,Universidad Nacional Agraria,Computers,Ubiquitous Computing
536,Mareah,Konig,mkonigev@cmu.edu,Female,Gomel State Medical University,Home,Multi-channel Marketing
537,Rivalee,Govier,rgovierew@discuz.net,Female,Beth-El College of Nursing and Health Sciences,Beauty,Nuclear
538,Veronike,Wrighton,vwrightonex@europa.eu,Female,Chongqing Medical University,Books,DLL
539,Alasteir,Meek,ameekey@theglobeandmail.com,Male,Howard Payne University,Garden,MTTR
540,Mariejeanne,Aguirrezabala,maguirrezabalaez@ft.com,Female,Uzima University College ,Industrial,HBase
541,Britt,Chable,bchablef0@livejournal.com,Male,Universitas Haluoleo,Electronics,PXE
542,Cyndia,Osban,cosbanf1@fema.gov,Female,University of San Jose Recoletos,Automotive,PPC
543,Emeline,McDermot,emcdermotf2@washingtonpost.com,Female,Colgate University,Kids,Operational Risk Management
544,Donnamarie,Lalor,dlalorf3@nature.com,Female,Indira Gandhi Institute of Development and Research,Kids,ALM
545,Berkeley,Ilive,bilivef4@nba.com,Male,College Misericordia,Industrial,NMLS Licensed
546,My,Berford,mberfordf5@ucsd.edu,Male,Tzu Chi College of Medicine and Humanities,Shoes,Customer Insight
547,Randie,Tooker,rtookerf6@ameblo.jp,Female,Comenius University in Bratislava,Music,HUET
548,Freda,Wallbank,fwallbankf7@ocn.ne.jp,Female,University of Alaska - Fairbanks,Jewelery,Turn Around Management
549,Gregorius,Highway,ghighwayf8@hibu.com,Male,"Universidad Catolica ""Redemptoris Mater""",Books,Psychiatry
550,Vikki,Farlham,vfarlhamf9@desdev.cn,Female,"Indian Institute of Technology, Hyderabad",Tools,LCS
551,Tanitansy,Carnell,tcarnellfa@storify.com,Female,University Of Medical Sciences & Technology (UMST),Outdoors,Brand Management
552,Abigael,Sooper,asooperfb@discuz.net,Female,Kano State University of Technology Wudil,Tools,LS9
553,Anjanette,Paddison,apaddisonfc@boston.com,Female,Tunku Abdul Rahman University (Chinese University),Tools,Brand Management
554,Wallas,Dommerque,wdommerquefd@t.co,Male,Columbia College of Missouri,Tools,PHP
555,Crosby,Mussetti,cmussettife@ted.com,Male,Fachhochschule Braunschweig/Wolfenbüttel,Automotive,XACML
556,Rosina,Robens,rrobensff@paginegialle.it,Female,Chapman University,Movies,eCTD
557,Stanleigh,Dare,sdarefg@fda.gov,Male,Universitas Muhammadiyah Surakarta,Shoes,VLSI CAD
558,Mylo,Stare,mstarefh@marketwatch.com,Male,"Anna University of Technology, Tirunelveli",Music,HBOC
559,Gray,Squibbs,gsquibbsfi@japanpost.jp,Male,Universidad de Los Andes,Outdoors,VMS
560,Ailyn,Jeffes,ajeffesfj@mapy.cz,Female,St. Petersburg Repin State Academic Institute of Painting Sculpture and Achitecture,Beauty,IXIA
561,Kris,Brewers,kbrewersfk@stumbleupon.com,Male,Westminster International University in Tashkent,Beauty,Data Integration
562,Duane,Lillee,dlilleefl@senate.gov,Male,Adams State College,Garden,MBCS
563,Virgilio,Kristof,vkristoffm@skyrock.com,Male,Columbia International University,Toys,BD+C
564,Verge,Corneliussen,vcorneliussenfn@house.gov,Male,Sunway University College,Kids,Soft Skills
565,Rob,Rawls,rrawlsfo@reverbnation.com,Male,University of Texas at Brownsville,Outdoors,WLL
566,Prissie,Tomasz,ptomaszfp@omniture.com,Female,Seton Hall University,Baby,LS-DYNA
567,Analiese,Waller,awallerfq@apache.org,Female,Centennial College,Computers,SaaS
568,Jana,Piche,jpichefr@umn.edu,Female,Universidad Odontológica Dominicana,Baby,Wholesale Operations
569,Amory,Heakey,aheakeyfs@slashdot.org,Male,University of South Carolina,Tools,Oversight
570,Judah,Axcell,jaxcellft@howstuffworks.com,Male,Technische Universität Berlin,Music,Engineering
571,Tabbie,Filippazzo,tfilippazzofu@ovh.net,Male,Universidad Metropolitana,Music,VSD
572,Danni,Chesworth,dchesworthfv@apple.com,Female,St. Louis University,Outdoors,Zend Studio
573,Garret,Grzegorzewski,ggrzegorzewskifw@rakuten.co.jp,Male,Amber University,Grocery,Policy
574,Amory,Crank,acrankfx@vinaora.com,Male,Nyack College,Electronics,PET-CT
575,Wright,Utridge,wutridgefy@ox.ac.uk,Male,University of Tromsø,Home,JTAG
576,Obed,Rosborough,orosboroughfz@irs.gov,Male,Sulaimani Polytechnic University,Beauty,GCIH
577,Vite,Finby,vfinbyg0@mayoclinic.com,Male,University of Maryland (System),Garden,Three.js
578,Todd,Coulthard,tcoulthardg1@bluehost.com,Male,Texas Tech University Health Science Center,Grocery,Academic Tutoring
579,Cherice,Gagie,cgagieg2@webeden.co.uk,Female,Yonsei University,Electronics,DFMEA
580,Tuckie,Maplethorpe,tmaplethorpeg3@friendfeed.com,Male,Universidad Finis Terrae,Computers,Private Piloting
581,Everett,Olivazzi,eolivazzig4@parallels.com,Male,Omar Al-Mukhtar University,Books,Performance Improvement
582,Amos,Arons,aaronsg5@yellowbook.com,Male,"Federal Urdu University of Arts,Science and Technology",Shoes,GSD
583,Ranique,Downer,rdownerg6@ehow.com,Female,United Arab Emirates University,Industrial,EHR
584,Teresita,McGiven,tmcgiveng7@github.com,Female,Wentworth Institute of Technology,Tools,TJC
585,Rozalin,Frayling,rfraylingg8@alibaba.com,Female,Gratz College,Computers,Google Analytics
586,Deana,Jowling,djowlingg9@sun.com,Female,Technological University (Taungoo),Music,BCA Protein Assay
587,Richard,Spere,rsperega@sina.com.cn,Male,Islamic College for Sciences and Technologies,Toys,Biology
588,Irwin,Dudleston,idudlestongb@mozilla.com,Male,Bashkir State Pedagogical University named After M. Akmullah,Garden,Illustration
589,Harland,Fitzsymonds,hfitzsymondsgc@msu.edu,Male,Universidad Católica Argentina Santa Maria de los Buenos Aires,Computers,Offshore Outsourcing
590,Conway,Plover,cplovergd@facebook.com,Male,"De La Salle University, Araneta",Electronics,Drip Irrigation
591,Nata,Hadwick,nhadwickge@technorati.com,Female,Universidade do Estado da Bahia,Baby,TCL
592,Gail,Hobell,ghobellgf@mysql.com,Male,Universität Osnabrück,Beauty,Jeet Kune Do
593,Lazare,Marfield,lmarfieldgg@cbsnews.com,Male,Université de Bandundu Ville,Electronics,Robotics
594,Art,McWhirter,amcwhirtergh@omniture.com,Male,Université de Skikda,Industrial,Key Performance Indicators
595,Roseanne,Brodest,rbrodestgi@phoca.cz,Female,Southampton Solent University,Computers,NPIV
596,Evvie,Bolton,eboltongj@hexun.com,Female,Universidad Kino,Kids,RTP
597,Karine,Gwinnett,kgwinnettgk@pinterest.com,Female,Chongqing Normal University Foreign Trade and Business College,Clothing,Higher Education
598,Devondra,Smitherman,dsmithermangl@freewebs.com,Female,University of Wisconsin - Eau Claire,Movies,Urban
599,Sansone,McBoyle,smcboylegm@admin.ch,Male,University of Cagayan Valley,Games,Microsoft Dynamics SL
600,Saunders,De Angelis,sdeangelisgn@amazonaws.com,Male,Universidad Autónoma de Las Américas,Books,Eyelash Extensions
601,Hildegaard,Verdy,hverdygo@howstuffworks.com,Female,Ursuline College,Movies,Veterinary Medicine
602,Manfred,Paull,mpaullgp@marketwatch.com,Male,Sabzevar Teacher Training University,Kids,Anti Money Laundering
603,Gayle,Cope,gcopegq@4shared.com,Male,Seijo University,Tools,XFOIL
604,Em,Mutton,emuttongr@mozilla.org,Male,"Veliko Turnovo University ""Cyril and Methodius""",Garden,SDL
605,Bale,Snellman,bsnellmangs@ameblo.jp,Male,Guilan University of Medical Sciences,Shoes,Omgeo Oasys
606,Kellen,Brumwell,kbrumwellgt@wikimedia.org,Female,Universidad de Antioquia,Computers,HTRI Software
607,Luci,Skoate,lskoategu@gnu.org,Female,George Brown College,Electronics,Awesomeness
608,Panchito,Mockett,pmockettgv@dmoz.org,Male,Art Institute of Charlotte,Computers,Economics
609,Inglebert,Diego,idiegogw@creativecommons.org,Male,Shandong Economic University,Movies,RTL Design
610,Rafe,Mantione,rmantionegx@exblog.jp,Male,Sultan Ismail Petra International Islamic College,Toys,QinQ
611,Ainslie,Baversor,abaversorgy@mail.ru,Female,Western New England College,Grocery,Advertising
612,Kacie,Daughtery,kdaughterygz@nasa.gov,Female,Harding University,Kids,FTK
613,Kassie,Thornber,kthornberh0@thetimes.co.uk,Female,Eastern Conservatory of Music,Sports,Psychotherapy
614,Annadiana,Northbridge,anorthbridgeh1@yellowbook.com,Female,Hochschule für Gestaltung und Kunst Zürich,Automotive,Navy
615,Stefan,Cashley,scashleyh2@hp.com,Male,Tokyo Metropolitan Institute of Technology,Health,Nutrition
616,Earlie,Serck,eserckh3@china.com.cn,Male,Agricultural University of Wroclaw,Home,Job Coaching
617,Justino,Larkworthy,jlarkworthyh4@businessinsider.com,Male,Shujitsu Women's University,Games,Theory
618,Odella,Hambric,ohambrich5@cloudflare.com,Female,Université de Ouagadougou,Shoes,Data Quality
619,Langsdon,Bulman,lbulmanh6@histats.com,Male,University of Texas Health Center at Tyler,Toys,Workplace Violence
620,Salomone,Darling,sdarlingh7@sphinn.com,Male,"Institute of Teachers Education, Raja Melewar",Kids,Dhcpd
621,Justen,Phaup,jphauph8@businessweek.com,Male,The Bahá'í Institute For Higher Education (BIHE),Tools,GPS Applications
622,Norbert,Beaufoy,nbeaufoyh9@mapquest.com,Male,Yokohama College of Commerce,Outdoors,Know-how
623,Felike,Eva,fevaha@utexas.edu,Male,The College of Wooster,Shoes,Testing Types
624,Maurice,Schuler,mschulerhb@baidu.com,Male,Hormozgan University of Medical Sciences,Baby,Joint Military Operations
625,Cyb,Manshaw,cmanshawhc@yelp.com,Female,"DeVry Institute of Technology, DuPage",Industrial,Www
626,Gabi,Whayman,gwhaymanhd@ucla.edu,Male,University of South Dakota,Home,IHE
627,Ardith,Newsham,anewshamhe@engadget.com,Female,Universidade do Algarve,Shoes,Internet TV
628,Ortensia,Battershall,obattershallhf@lycos.com,Female,University of Tennessee - Martin,Computers,Technical Documentation
629,Andree,Golborn,agolbornhg@topsy.com,Female,Oslo School of Architecture,Home,VPLS
630,Alicia,Reaney,areaneyhh@ezinearticles.com,Female,Universidade Candido Mendes,Electronics,Scheduling
631,Dore,Emmison,demmisonhi@yale.edu,Male,Southwestern Baptist Theological Seminary,Beauty,Wicklander-Zulawski Interview &amp; Interrogation
632,Friederike,Clutten,fcluttenhj@g.co,Female,Bryan College,Electronics,Start-ups Management
633,Sydel,Morrowe,smorrowehk@answers.com,Female,St. Matthews University,Electronics,SLC500
634,Fred,Antonellini,fantonellinihl@rediff.com,Male,Plekhanov Russian Academy of Economics,Movies,IFMA
635,Farra,Attoc,fattochm@telegraph.co.uk,Female,University of Mustansiriyah,Health,QPSK
636,Chic,Rosettini,crosettinihn@telegraph.co.uk,Male,Western Baptist College,Industrial,GC-FID
637,Sharline,Pfertner,spfertnerho@icio.us,Female,Cambodian Mekong University,Health,Human Resources
638,Tamqrah,Franzel,tfranzelhp@desdev.cn,Female,Instituto Superior de Ciências Educativas,Computers,International HR
639,Tailor,Liddiatt,tliddiatthq@jiathis.com,Male,Hebei University of Economics and Trade,Beauty,OTRS
640,Cindelyn,Farrar,cfarrarhr@globo.com,Female,Universität für Musik und darstellende Kunst Graz,Books,Lustre
641,Maryl,Vieyra,mvieyrahs@telegraph.co.uk,Female,South Carolina State University,Computers,Mortgage Banking
642,Babette,Schultes,bschultesht@yellowpages.com,Female,China University of Political Science and Law,Home,UED
643,Nike,Cratchley,ncratchleyhu@nps.gov,Female,Moscow Power Engineering Institute (Technical University),Movies,MX960
644,Gael,de Verson,gdeversonhv@arstechnica.com,Female,Technological Education Institute of Serres,Outdoors,Routing
645,Gayelord,Lydiard,glydiardhw@mtv.com,Male,Bethany College California,Electronics,Visual Merchandising
646,Prudi,Lanegran,planegranhx@yahoo.co.jp,Female,Hochschule Albstadt-Sigmaringen,Garden,Cinematography
647,Sayers,Thornbarrow,sthornbarrowhy@nbcnews.com,Male,Estonian Academy of Music and Theatre,Jewelery,Woodworking
648,Lelah,Izchaki,lizchakihz@sun.com,Female,Institute for the Economy in Transition,Sports,PTO
649,Doy,Voysey,dvoyseyi0@ftc.gov,Male,Kutztown University of Pennsylvania,Beauty,Agile Testing
650,Iona,Borrington,iborringtoni1@miitbeian.gov.cn,Female,Bloomfield College,Beauty,Golf
651,Perl,Birkmyr,pbirkmyri2@washington.edu,Female,Brussels School of International Studies,Beauty,RMS
652,Heda,Murdoch,hmurdochi3@marriott.com,Female,University of Khartoum,Industrial,HP Proliant
653,Laurent,Hansley,lhansleyi4@umn.edu,Male,Hokkaido University,Games,KVM
654,Alphonse,Jeacop,ajeacopi5@walmart.com,Male,Universidad Autónoma Metropolitana - Xochimilco,Garden,Sage ERP X3
655,Esra,Blakeway,eblakewayi6@amazon.de,Male,National College of Arts,Toys,UEFI
656,Delmar,Potts,dpottsi7@homestead.com,Male,Afghan University,Games,Stand-up Comedy
657,Robbin,Stooders,rstoodersi8@slideshare.net,Female,Hunan Normal University,Toys,QinQ
658,Gillie,Dow,gdowi9@jiathis.com,Female,Brescia University,Computers,MSBuild
659,Ferdinanda,Rigard,frigardia@discuz.net,Female,RMIT International University Vietnam,Grocery,Usability
660,Andrea,Byrch,abyrchib@state.tx.us,Male,Mozyr State Pedagogical Institute,Grocery,RTL Design
661,Stanford,Dymott,sdymottic@earthlink.net,Male,University of Rhode Island,Computers,DGGE
662,Sancho,Hardaker,shardakerid@ask.com,Male,Mongolian University of Science and Technology,Baby,Lifestyle
663,Creigh,Bollands,cbollandsie@about.me,Male,Hai Duong University,Kids,CSV
664,Lexie,Kedward,lkedwardif@youtube.com,Female,"Fachhochschule und Berufskollegs NTA, Prof.Dr. Grübler gemein. GmbH",Outdoors,DBMS
665,Vanya,Ferreli,vferreliig@so-net.ne.jp,Male,"Medical Faculty, Osh State University",Books,Product Launch
666,Manny,Wilne,mwilneih@hc360.com,Male,University of Montevallo,Grocery,TSP
667,Raymond,Skinner,rskinnerii@nih.gov,Male,La Roche College,Shoes,Aerospace
668,Nickolai,Scase,nscaseij@quantcast.com,Male,Université de Toamasina,Jewelery,PMO
669,Haslett,Pote,hpoteik@quantcast.com,Male,Gonabad University of Medical Sciences,Tools,GWT
670,Jeramie,Witherspoon,jwitherspoonil@uiuc.edu,Male,Centro Universitario Ixtlahuaca,Tools,Nightclub
671,Alexei,Dawson,adawsonim@cdc.gov,Male,Center for Entrepreneurship and Small Business Management,Books,IQ Navigator
672,Carlen,Nower,cnowerin@symantec.com,Female,Texas College of Osteopathic Medicine,Home,LDPE
673,Rowland,Templar,rtemplario@ted.com,Male,Universität Kaiserslautern,Games,Uniform Combined State Law
674,Lucia,Argent,largentip@myspace.com,Female,Ludwik Solski State Academy of Theatre in Cracow,Health,CFR
675,Teresina,MacDonnell,tmacdonnelliq@whitehouse.gov,Female,Muhimbili University of Health and Allied Sciences (MUHAS),Clothing,Microsoft Certified Professional
676,Kaja,Milier,kmilierir@imageshack.us,Female,Clarkson College,Jewelery,Editorial
677,Maiga,Capron,mcapronis@ucsd.edu,Female,University of Kurdistan,Home,Windows Azure
678,Catherina,Rizzardo,crizzardoit@yandex.ru,Female,University of Maryland Eastern Shore,Tools,Online Advertising
679,Jaclyn,Lannin,jlanniniu@pbs.org,Female,Jewish University in Moscow,Home,LSS
680,Bennie,Kyteley,bkyteleyiv@webnode.com,Female,Barclay College,Clothing,EBA
681,Delainey,Hambly,dhamblyiw@google.nl,Male,Universidad de Sonora,Home,WC
682,Sascha,Trimmell,strimmellix@surveymonkey.com,Male,"COMSATS Institute of Information Technology, Wah",Books,RS Means
683,Kynthia,Waterfall,kwaterfalliy@nih.gov,Female,Technische Universität Bergakademie Freiberg,Books,Valves
684,Morley,Hannent,mhannentiz@so-net.ne.jp,Male,Mount Saint Vincent University,Books,System Architecture
685,Salome,Cattini,scattinij0@parallels.com,Female,"Deutsch-Ordens Fachhochschule Riedlingen, Hochschule für Wirtschaft",Tools,PPDS
686,Michel,Jorat,mjoratj1@gov.uk,Male,Annamalai University,Home,LCMS
687,Ernie,Deaton,edeatonj2@psu.edu,Male,Okinawa Prefectural University of Fine Arts,Tools,Applicant Tracking Systems
688,Consuelo,Scarasbrick,cscarasbrickj3@weather.com,Female,Sookmyung Women's University,Books,Police
689,Katya,Maith,kmaithj4@themeforest.net,Female,Purdue University,Beauty,MP3
690,Mickie,Berg,mbergj5@netlog.com,Male,Niigata Sangyo University,Baby,VRML
691,Jolene,Pavkovic,jpavkovicj6@paypal.com,Female,Concordia University,Toys,WHIMS
692,Arthur,Gimblet,agimbletj7@businessinsider.com,Male,National Tainan Teachers College,Beauty,Criminal Justice
693,Cariotta,Rogier,crogierj8@pinterest.com,Female,KASB Institute of Technology,Automotive,DDE
694,Bobine,Tamburi,btamburij9@goo.ne.jp,Female,Universidad Jóse Vasconcelos,Clothing,LCMS
695,Adoree,Kopta,akoptaja@ucsd.edu,Female,University of Oxford,Toys,PMD
696,Sophronia,Carnew,scarnewjb@redcross.org,Female,University of the West Indies St. Augustine,Grocery,RF Scanners
697,Bran,Rakes,brakesjc@examiner.com,Male,Yerevan State Medical University,Games,Vehicles
698,Lonna,Quarry,lquarryjd@about.com,Female,Kazak American University,Industrial,SG&amp;A
699,Consuelo,Killingworth,ckillingworthje@home.pl,Female,Universitas Islam Nusantara,Computers,Working With Children
700,Brigit,Gorringe,bgorringejf@businessinsider.com,Female,Cavendish University,Clothing,New Home Sales
701,Corrinne,Gaylard,cgaylardjg@lycos.com,Female,Université Mohammed Ier,Industrial,RTC
702,Consuelo,Bourke,cbourkejh@chronoengine.com,Female,Universidad Politecnica de Puerto Rico,Outdoors,7 QC Tools
703,Nahum,Brownrigg,nbrownriggji@ibm.com,Male,Universidad de Medellín,Clothing,TLC
704,Morty,D'Onise,mdonisejj@godaddy.com,Male,St. Petersburg State Medical Academy,Industrial,Glass
705,Douglass,Smeall,dsmealljk@jugem.jp,Male,University of Southern Indiana,Home,WSE
706,Douglas,McGrae,dmcgraejl@bizjournals.com,Male,Federal University of Petroleum Resources,Kids,NNMi
707,Chantalle,Balden,cbaldenjm@ustream.tv,Female,University of North Texas,Automotive,Krav Maga
708,Carol,Hawkwood,chawkwoodjn@army.mil,Female,North Georgia College,Tools,QSIG
709,Maybelle,Morman,mmormanjo@youtu.be,Female,Mount St. Mary College,Clothing,Yahoo Search
710,Wayne,Briton,wbritonjp@aboutads.info,Male,"Islamic Azad University, Falavarjan ",Sports,TL9000
711,Bail,MacCaig,bmaccaigjq@ifeng.com,Male,Texas College,Industrial,UV Mapping
712,Leontine,Cato,lcatojr@g.co,Female,Thomas University,Outdoors,OOP
713,Kareem,Camosso,kcamossojs@addthis.com,Male,International University of Kyrgyzstan,Computers,JGroups
714,Rozella,Van Niekerk,rvanniekerkjt@godaddy.com,Female,University of Montenegro,Electronics,NGN
715,Aristotle,Adamowicz,aadamowiczju@usnews.com,Male,Shendi University,Tools,DMEDI
716,Jeralee,Dibson,jdibsonjv@ebay.com,Female,Kagoshima Immaculate Heart University,Health,Farms
717,Jammal,Saunton,jsauntonjw@skyrock.com,Male,Brandman University,Beauty,Corporate Governance
718,Rachael,Costin,rcostinjx@bloglines.com,Female,Ural State Technical University,Grocery,TS
719,Marvin,Eneas,meneasjy@harvard.edu,Male,Moscow State University of Ecological Engineering,Automotive,Black Belt
720,Jaimie,Bartkowiak,jbartkowiakjz@netvibes.com,Male,McMaster University,Movies,Google Analytics
721,Margret,Pepi,mpepik0@washington.edu,Female,Southwest University,Kids,HFC
722,Silvana,Perillio,sperilliok1@webnode.com,Female,Universitas Andalas,Home,Teaching Writing
723,Gibb,Wilkinson,gwilkinsonk2@bloomberg.com,Male,Institut Teknologi Sepuluh Nopember,Garden,ASP.NET
724,Missie,Follit,mfollitk3@paginegialle.it,Female,Randolph-Macon Woman's College,Industrial,JBPM
725,Tamera,Sansum,tsansumk4@4shared.com,Female,Hood College,Sports,Junior Golf
726,Chadd,Donohue,cdonohuek5@abc.net.au,Male,Universidad de la Sierra A.C.,Garden,C-TPAT
727,Jaye,Golda,jgoldak6@google.pl,Male,Universidad Pontificia de Salamanca,Tools,TMMi
728,Colly,Carnow,ccarnowk7@timesonline.co.uk,Female,Mount Mary College,Clothing,RPG
729,Bendicty,Peoples,bpeoplesk8@geocities.jp,Male,Osun State University,Toys,IRI Xlerate
730,Boycey,Fessions,bfessionsk9@bravesites.com,Male,Nanjing University of Traditional Chinese Medicine,Sports,Organic Chemistry
731,Shelby,Bedward,sbedwardka@lycos.com,Female,West Virginia Wesleyan College,Grocery,PTS
732,Cosimo,Ewbanks,cewbankskb@seesaa.net,Male,Makanlal Chutur Vedi University,Tools,Zsh
733,Lethia,Hyett,lhyettkc@walmart.com,Female,Universidade de Tocantins,Music,Hospital Sales
734,Andrey,Lapworth,alapworthkd@hugedomains.com,Male,Universitas Pasundan,Outdoors,HTRF
735,Clevey,Kubyszek,ckubyszekke@cafepress.com,Male,University of Management & Technology,Tools,VDM
736,Annadiana,Guisler,aguislerkf@php.net,Female,Volgograd Medical Academy,Electronics,MTTR
737,Merissa,Wilcot,mwilcotkg@icio.us,Female,Jiwaji University,Baby,Youth Ministry
738,Mace,Campaigne,mcampaignekh@sun.com,Male,"Islamic Azad University, Sanandaj",Beauty,Agile Methodologies
739,Gabriell,Dodell,gdodellki@virginia.edu,Female,Kent State University - Trumbull,Movies,Sungard GMI
740,Biron,Eastabrook,beastabrookkj@ucoz.ru,Male,Ursuline College,Games,Commercial Kitchen Design
741,Amerigo,Butner,abutnerkk@reverbnation.com,Male,Northern Michigan University,Automotive,EWM
742,Riane,Curner,rcurnerkl@discovery.com,Female,Kiev Slavonic University,Baby,FEM analysis
743,Lorinda,Macieja,lmaciejakm@wired.com,Female,Arab Academy for Science & Technology,Clothing,GWAS
744,Marlowe,Sylvester,msylvesterkn@businesswire.com,Male,Mid-American Bible College,Grocery,US Tax
745,Laurel,Swiffen,lswiffenko@chron.com,Female,French University in Armenia (UFAR),Music,GVP
746,Frances,Peasgood,fpeasgoodkp@discovery.com,Female,"Trinity International University (Excel), Miami",Home,EoMPLS
747,Sheila,Sent,ssentkq@ovh.net,Female,Kobe Design University,Music,JCAHO
748,Nikita,Shillabear,nshillabearkr@squidoo.com,Male,Notre Dame of Marbel University,Grocery,Nielsen
749,Marabel,Armiger,marmigerks@twitpic.com,Female,Ibrahim Babangida University,Music,XSL
750,Paule,Halgarth,phalgarthkt@foxnews.com,Female,Kasem Bundit University,Automotive,ABS
751,Correy,Camier,ccamierku@wp.com,Male,Pontifcia Universitas Lateranensis,Shoes,Fashion Jewelry
752,Tanhya,Batte,tbattekv@timesonline.co.uk,Female,Katholische Stiftungsfachhochschule München,Jewelery,Two-factor Authentication
753,Alexia,Flaunders,aflaunderskw@amazon.co.uk,Female,Conservatoire National des Arts et Métiers,Movies,Grocery
754,Natalee,Roselli,nrosellikx@macromedia.com,Female,Yasuj University of Medical Sciences,Movies,RCA
755,Lew,Drewery,ldreweryky@intel.com,Male,Southwestern College Santa Fe,Movies,QC Tools
756,Emeline,Kittles,ekittleskz@ocn.ne.jp,Female,Seiwa College,Health,Oozie
757,Moses,Ruecastle,mruecastlel0@usgs.gov,Male,Matsuyama University,Outdoors,SI
758,Worth,Renachowski,wrenachowskil1@cargocollective.com,Male,Drzavni Univerzitet u Novom Pazaru,Toys,IAD
759,Marie-jeanne,Willard,mwillardl2@bbc.co.uk,Female,Dong Yang University of Technology,Garden,P&amp;ID
760,Rossie,Tayt,rtaytl3@cnbc.com,Male,Universidad Señor de Sipán,Health,Social Media Outreach
761,Swen,Teresi,steresil4@cmu.edu,Male,Yamanashi University,Outdoors,Routing Protocols
762,Myrvyn,Brothers,mbrothersl5@globo.com,Male,Université Pierre Mendes-France (Grenoble II),Outdoors,Shared Services
763,Almeda,Lombardo,alombardol6@paginegialle.it,Female,Bircham International University,Health,Organizational Effectiveness
764,Anselm,Gay,agayl7@eventbrite.com,Male,Akdeniz University,Movies,USDA Rural Housing
765,Darlene,Pepperell,dpepperelll8@squarespace.com,Female,Ch. Charan Singh University,Tools,DNA microarray
766,Bamby,Whye,bwhyel9@accuweather.com,Female,Xinjiang Agriculture University,Beauty,NCSS
767,Conrade,Shilburne,cshilburnela@mit.edu,Male,University of Lucknow,Sports,Gstreamer
768,Lombard,McKoy,lmckoylb@sakura.ne.jp,Male,Gomel State Technical University Pavel Sukhoi,Jewelery,BPL
769,Odessa,Chiverton,ochivertonlc@nasa.gov,Female,Université de Bamako,Movies,Utilization Management
770,Belinda,Cossem,bcossemld@issuu.com,Female,University of New Mexico,Sports,XFire
771,Ode,Honnan,ohonnanle@cbsnews.com,Male,Baku State University,Industrial,Yarn
772,Emilia,Rough,eroughlf@archive.org,Female,Kobe Pharmaceutical University,Industrial,PWM
773,Giacinta,Strother,gstrotherlg@bloglines.com,Female,"National Institute of Technology, Warangal",Games,MHP
774,Clem,Rutledge,crutledgelh@ucoz.ru,Female,Abilene Christian University,Health,SFE
775,Hendrick,Ackerley,hackerleyli@friendfeed.com,Male,University of Opole,Toys,CGEIT
776,Kirsteni,Schaben,kschabenlj@dropbox.com,Female,Sultan Mizan Zainal Abidin Polytechnic,Home,Japanese to English
777,Karlik,Heathcote,kheathcotelk@gov.uk,Male,University of Sharjah,Garden,VSTO
778,Teddy,Blune,tblunell@desdev.cn,Male,Sugiyama Jogakuen University,Automotive,DVD Replication
779,Dominique,Varah,dvarahlm@joomla.org,Male,International Culture University ,Beauty,Stand-up Comedy
780,Kitty,Cooke,kcookeln@howstuffworks.com,Female,Universidad de La Coruña,Kids,DDA compliance
781,Korie,Denniston,kdennistonlo@usgs.gov,Female,Caritas University,Jewelery,RCFA
782,Ruthe,Wasling,rwaslinglp@omniture.com,Female,El Colegio de México,Outdoors,Hedge Funds
783,Shadow,McArtan,smcartanlq@salon.com,Male,Brjansk State Technical University,Automotive,Direct Marketing
784,Putnam,Sugar,psugarlr@sohu.com,Male,United International University,Garden,Professional Liability
785,Mark,Garrique,mgarriquels@hibu.com,Male,"Islamic Azad University, Tabriz",Computers,Teeth Whitening
786,Mel,Ivachyov,mivachyovlt@meetup.com,Female,Mother Teresa Women's University,Sports,MDSD
787,Sada,Peperell,speperelllu@umn.edu,Female,Université de Fianarantsoa,Jewelery,DGA
788,Herman,Scarisbrick,hscarisbricklv@yahoo.com,Male,Universidad de Cádiz,Clothing,GNU tools
789,Harwell,Shingler,hshinglerlw@feedburner.com,Male,Southwest University,Kids,Feature Writing
790,Carlo,Fountaine,cfountainelx@mashable.com,Male,"Hochschule Wismar, Fachhochschule für Technik, Wirtschaft und Gestaltung",Kids,Xilinx ISE
791,Kessiah,Bardwall,kbardwallly@skyrock.com,Female,Anglia Ruskin University,Industrial,Volunteer Recruiting
792,Jethro,Brumham,jbrumhamlz@oracle.com,Male,Royal University of Law and Economics,Beauty,Oracle HR
793,Dal,Pruce,dprucem0@twitpic.com,Male,Trinity Bible College,Automotive,Red Hat Linux
794,Mycah,Gilhespy,mgilhespym1@springer.com,Male,National Pedagogical University M. Dragomanov ,Industrial,SFE
795,Collen,Grinov,cgrinovm2@macromedia.com,Female,Universitas Islam Malang,Garden,HP NonStop
796,Marnie,L'oiseau,mloiseaum3@usatoday.com,Female,Colorado College,Clothing,MLSS
797,Peadar,Pasek,ppasekm4@joomla.org,Male,University of Wisconsin - Eau Claire,Movies,ODI
798,Barrie,Anlay,banlaym5@meetup.com,Female,Shri Mata Vaishno Devi University,Baby,Yard Signs
799,Katalin,Caruth,kcaruthm6@huffingtonpost.com,Female,International University College of Technology Twintech (IUCTT),Industrial,Dual Diagnosis
800,Beryle,Bullen,bbullenm7@un.org,Female,Ekiti State University,Jewelery,Weapons of Mass Destruction
801,Brantley,Gallager,bgallagerm8@topsy.com,Male,Baylor College of Medicine,Outdoors,sFlow
802,Heindrick,Barwack,hbarwackm9@sciencedaily.com,Male,Nova Scotia Agricultural College,Jewelery,IT Audit
803,Howard,Nardi,hnardima@cloudflare.com,Male,Universidad Tecnológica de Panamá,Music,QCAT
804,Josias,Dorkin,jdorkinmb@dell.com,Male,Universitas Kristen Satya Wacana,Toys,UDF
805,Wells,Hurnell,whurnellmc@nytimes.com,Male,Osaka University of Arts,Grocery,Forklift Operation
806,Kurt,Powrie,kpowriemd@tripadvisor.com,Male,California Lutheran University,Automotive,NFPA
807,Mohandas,Wilsone,mwilsoneme@is.gd,Male,St. Petersburg State Medical Academy,Shoes,TPX
808,Andeee,Caughey,acaugheymf@smugmug.com,Female,Quincy University,Kids,Nitric Oxide
809,Aigneis,MacAlinden,amacalindenmg@wikispaces.com,Female,Hebron University,Baby,RTCP
810,Vlad,Falkinder,vfalkindermh@nih.gov,Male,Idaho State University,Garden,Customer Support
811,Cristabel,Mendus,cmendusmi@vk.com,Female,Universidad de Nariño,Clothing,JSTOR
812,Frazer,Rhodes,frhodesmj@twitter.com,Male,Technological Education Institute of Patras,Toys,Benefits Administration
813,Zeb,Cathro,zcathromk@cbslocal.com,Male,Universidad Católica del Táchira,Grocery,Laptops
814,Merridie,Stopper,mstopperml@wordpress.org,Female,Anderson College,Electronics,Twitter Marketing
815,Martha,Assel,masselmm@vinaora.com,Female,Kyrgyz State Technical University,Kids,Xenu
816,Antoni,Beadell,abeadellmn@soup.io,Male,Universidad Francisco Marroquín,Jewelery,Requirements Gathering
817,Kirbee,Craster,kcrastermo@jigsy.com,Female,Logan College of Chiropractic,Garden,Home Equity Lines of Credit
818,Den,Handaside,dhandasidemp@columbia.edu,Male,National Research University of Electronic Technology,Jewelery,PK/PD
819,Cherilyn,Presdee,cpresdeemq@wordpress.com,Female,University of Electronic Science and Technology of China,Automotive,DFS
820,Louise,Babar,lbabarmr@people.com.cn,Female,Moscow Power Engineering Institute (Technical University),Garden,Valuation
821,Chloris,Castello,ccastelloms@list-manage.com,Female,Grodno State Medical University,Home,Phase II Environmental Site Assessments
822,Genovera,Teresi,gteresimt@hibu.com,Female,College of Management,Home,Aerial Photography
823,Barthel,Sargerson,bsargersonmu@merriam-webster.com,Male,Universidade de Ribeirão Preto,Toys,Drupal
824,Archibold,Gadsdon,agadsdonmv@cornell.edu,Male,Punjab University College of Information Tecnology,Games,SVOD
825,Cammi,Rubinivitz,crubinivitzmw@cnbc.com,Female,Juniata College,Electronics,PDS Frameworks
826,Udell,Clemow,uclemowmx@cornell.edu,Male,University of Alaska - Southeast,Kids,Microsoft Technologies
827,Cathy,Janca,cjancamy@wix.com,Female,Antioch University,Music,21 CFR Part 11
828,Wayne,Glen,wglenmz@webs.com,Male,University of Lethbridge,Books,Corporate Gifts
829,Shelby,Bluschke,sbluschken0@123-reg.co.uk,Male,Skrjabin Moscow State Academy of Veterinary Medicine and Biotechnology,Grocery,Epoxy Flooring
830,Meredith,Twelvetrees,mtwelvetreesn1@adobe.com,Male,Ndejje University,Movies,GSS
831,Evey,MacGowan,emacgowann2@barnesandnoble.com,Female,"Katholieke Universiteit Leuven, Campus Kortrijk",Baby,CNA
832,Kara,Towe,ktowen3@msu.edu,Female,Rajshahi University of Engineering and Technology,Kids,CDO
833,Moss,Adamovitch,madamovitchn4@dell.com,Male,"International University of Engineering, Moscow",Garden,RPG
834,Chev,Sunners,csunnersn5@boston.com,Male,Universiti Malaysia Kelantan,Computers,Dual Diagnosis
835,Lilyan,Campagne,lcampagnen6@jigsy.com,Female,Kyoto Tachibana Women's University,Electronics,Nuke
836,Jany,Dewicke,jdewicken7@paginegialle.it,Female,Shomal University,Toys,Star-CCM+
837,Dene,Howchin,dhowchinn8@blogtalkradio.com,Male,Myanmar Aerospace Engineering University,Music,Equities
838,Caesar,Woodcock,cwoodcockn9@sogou.com,Male,Sookmyung Women's University,Shoes,MTP3
839,Jerrilyn,Lankford,jlankfordna@meetup.com,Female,"Fachhochschule Ludwigshafen, Hochschule für Wirtschaft",Baby,HTML
840,Shantee,Mains,smainsnb@huffingtonpost.com,Female,Strathmore University,Industrial,Xerox Printers
841,Mill,Pack,mpacknc@ustream.tv,Male,Universitas 17 Agustus 1945 Semarang,Computers,Old English
842,Jeanne,Gilmour,jgilmournd@tamu.edu,Female,University of North Carolina at Asheville,Automotive,DWBI
843,Silvia,Baldinotti,sbaldinottine@bloomberg.com,Female,North West Frontier Province Agricultural University,Computers,Business Development
844,Nollie,Yushachkov,nyushachkovnf@home.pl,Female,Universitas 17 Agustus 1945 Samarinda,Books,Awesomeness
845,Torrey,Limpenny,tlimpennyng@oakley.com,Male,Osaka Gakuin University,Kids,FDD
846,Claiborn,Salvin,csalvinnh@cpanel.net,Male,Victoria University of Wellington,Kids,Kayak
847,Binnie,Romaint,bromaintni@wikia.com,Female,Eastern University,Games,CPG Industry
848,Noah,Blenkiron,nblenkironnj@geocities.com,Male,New England College of Optometry,Kids,Watercolor
849,Valerye,Torrie,vtorrienk@aboutads.info,Female,Stavropol State University,Electronics,Project Bidding
850,Lorrie,Tearny,ltearnynl@yellowbook.com,Female,Tampere Polytechnic,Home,Volleyball
851,Lesya,Zack,lzacknm@techcrunch.com,Female,Universidad Iberoamericana de Ciencia y Tecnologia,Games,UEFI
852,Bevvy,Pitt,bpittnn@ebay.com,Female,Seneca College,Beauty,IGOR Pro
853,Giacopo,Mc Combe,gmccombeno@state.tx.us,Male,Ecole Supérieure de Chimie Organique et Minérale,Automotive,OASIS
854,Gabi,Binion,gbinionnp@wikia.com,Female,Shanghai University,Music,IELTS
855,Odelia,Semrad,osemradnq@cocolog-nifty.com,Female,Technical University of Gdansk,Outdoors,Social Media Outreach
856,Gretal,Ringe,gringenr@ibm.com,Female,Université de Bretagne Occidentale,Industrial,GCC
857,Bail,Scadding,bscaddingns@gnu.org,Male,Unity College,Home,ODC
858,Stefanie,Lydster,slydsternt@hostgator.com,Female,Universitas Klabat,Movies,Frozen Food
859,Whittaker,Creamer,wcreamernu@mit.edu,Male,Hamamatsu University School of Medicine,Music,Youth Leadership
860,Maurie,Louedey,mlouedeynv@i2i.jp,Male,Ural State Conservatory,Computers,ASIC
861,Simeon,Harefoot,sharefootnw@bloglovin.com,Male,Shandong University of Science and Technology,Books,Turbomachinery
862,Issie,Geater,igeaternx@skyrock.com,Female,International University in Geneva,Jewelery,FQL
863,Billy,Myhan,bmyhanny@tripadvisor.com,Male,Universiti Malaysia Terengganu,Movies,Quantitative Research
864,Tudor,Francescone,tfrancesconenz@aboutads.info,Male,University of Palermo,Electronics,Fashion Buying
865,Doll,Moughtin,dmoughtino0@rakuten.co.jp,Female,Sunway University College,Industrial,Oxygen
866,Malia,Revell,mrevello1@hibu.com,Female,Sur University College,Tools,JMeter
867,Torey,Assandri,tassandrio2@deviantart.com,Female,Health sciences University of Mongolia,Music,RSA Tokens
868,Broderic,Lascelles,blascelleso3@rediff.com,Male,Universidad Popular Autonóma del Estado de Puebla,Grocery,QinQ
869,Horatio,Van Dalen,hvandaleno4@digg.com,Male,Evergreen State College,Clothing,Olive Oil
870,Milena,Bartlet,mbartleto5@newsvine.com,Female,San Juan Bautista School of Medicine,Clothing,Data Modeling
871,Skipper,Greenley,sgreenleyo6@paginegialle.it,Male,University of Kansas,Games,SQR
872,Kimberlyn,Volkers,kvolkerso7@walmart.com,Female,Friedrich-Schiller Universität Jena,Industrial,IBM Servers
873,Fredi,Ravelus,fraveluso8@rambler.ru,Female,Universidad Dr. Rafael Belloso Chacín,Baby,Music History
874,Granny,Spong,gspongo9@blogtalkradio.com,Male,Asian Medical Institute,Industrial,CSA 2010
875,Herbert,Bowmaker,hbowmakeroa@xinhuanet.com,Male,Dubai Pharmacy College,Clothing,Pinterest
876,Dosi,Crandon,dcrandonob@bbb.org,Female,Universidad de Huánuco,Jewelery,Mergers &amp; Acquisitions
877,Matthew,Gatiss,mgatissoc@parallels.com,Male,"École nationale d'administration publique, Université du Québec",Games,International Tax
878,Dag,Fulford,dfulfordod@goo.gl,Male,University of Geneva,Sports,PCR
879,Garvy,Fellows,gfellowsoe@bandcamp.com,Male,Siena Heights University,Games,PVR
880,Jenni,Mote,jmoteof@rakuten.co.jp,Female,East Somalia University,Industrial,PyMEL
881,Stacie,Lowmass,slowmassog@epa.gov,Female,Arab Open University,Movies,CVS
882,Corine,Gutman,cgutmanoh@ifeng.com,Female,Zuyd University,Jewelery,Retirement Planning
883,Natasha,Halliwell,nhalliwelloi@biblegateway.com,Female,Bangalore University,Beauty,FTO
884,Mireille,Ghiron,mghironoj@wunderground.com,Female,Taipei Medical College,Shoes,Wedding DJ
885,Thurston,Linguard,tlinguardok@msn.com,Male,Post University of Waterbury,Computers,Program Management
886,Hedwig,Haygreen,hhaygreenol@sina.com.cn,Female,Chung Shan Medical and Dental College,Electronics,Oracle E-Business Suite
887,Cointon,Batisse,cbatisseom@unesco.org,Male,University of Nizwa,Books,New Business Development
888,Lindie,Cuffe,lcuffeon@meetup.com,Female,University of Calicut,Toys,Music History
889,Ethelin,Brosi,ebrosioo@yandex.ru,Female,Hakuoh University,Clothing,Fashion Illustration
890,Ysabel,McIlharga,ymcilhargaop@noaa.gov,Female,American University of Middle East,Outdoors,Eggs
891,Peta,Emmott,pemmottoq@yahoo.com,Female,La Trobe University,Games,PTCRB
892,Wakefield,Kinforth,wkinforthor@163.com,Male,Rusangu University,Health,Platform LSF
893,Mar,Dowd,mdowdos@vistaprint.com,Male,Lamar University - Port Arthur,Kids,TCAS
894,Ferdie,McCormack,fmccormackot@goo.gl,Male,University of South Carolina - Sumter,Baby,SRAM
895,Wallie,Nesfield,wnesfieldou@microsoft.com,Female,University of Melbourne,Beauty,Simulations
896,Alleen,Kelle,akelleov@nyu.edu,Female,Azerbaijan National Conservatorie,Tools,Ion
897,Meagan,Lonnon,mlonnonow@yelp.com,Female,University of South Carolina - Aiken,Baby,Xplan
898,Kyle,Berkelay,kberkelayox@cloudflare.com,Male,American InterContinental University - London,Music,Contractual Agreements
899,Warner,Vedenichev,wvedenichevoy@earthlink.net,Male,Ecole Nationale d'Administration,Music,ODI
900,Heloise,Dugmore,hdugmoreoz@qq.com,Female,International School of Business Management,Books,UDS
901,Karissa,Crinkley,kcrinkleyp0@usnews.com,Female,"Dai Ichi University, College of Technology",Computers,Cisco Routers
902,Shermie,Yatman,syatmanp1@360.cn,Male,Shenzhen University,Baby,Sage ERP X3
903,Thoma,Comoletti,tcomolettip2@google.com,Male,Université des Montagnes,Computers,CVaR
904,Demetrius,Simkovich,dsimkovichp3@mlb.com,Male,EHSAL - Europese Hogeschool Brussel,Music,Intercollegiate Athletics
905,Carson,Rummings,crummingsp4@mashable.com,Male,Universidad Rey Juan Carlos,Clothing,Cyberlaw
906,Renato,Fruser,rfruserp5@youku.com,Male,Valparaiso University,Home,e-QIP
907,Lucilia,Churchward,lchurchwardp6@biblegateway.com,Female,International Business School Kelajak ILMI,Beauty,RDL
908,Lyndel,Chugg,lchuggp7@phpbb.com,Female,University of Catania,Industrial,LCS
909,Lynelle,Challiner,lchallinerp8@youku.com,Female,Escuela Agricola Panamericana Zamorano,Kids,Knowledge Sharing
910,Octavius,Densumbe,odensumbep9@fc2.com,Male,Himeji Institute of Technology,Health,Slope Stability Analysis
911,Phaidra,Langdridge,plangdridgepa@washingtonpost.com,Female,Stephens College,Toys,Field Work
912,Berry,Touret,btouretpb@blinklist.com,Female,Taiz University,Automotive,Online Help
913,Rogerio,Gosby,rgosbypc@symantec.com,Male,Mount Carmel College of Nursing,Baby,DDNS
914,Lutero,Wilshaw,lwilshawpd@webnode.com,Male,California School of Professional Psychology - Fresno,Games,PMI
915,Marijo,Matts,mmattspe@mtv.com,Female,Hue University of Agriculture and Forestry ,Tools,Store Management
916,Leo,Winborn,lwinbornpf@facebook.com,Male,Cyprus International University,Toys,GFAS
917,Bail,Joannet,bjoannetpg@hubpages.com,Male,Russian State Geological Prospecting University ,Beauty,Vacation
918,Tabbatha,Shellum,tshellumph@guardian.co.uk,Female,Thi Qar University,Outdoors,TKI
919,Torey,Spurrior,tspurriorpi@marriott.com,Male,Ebonyi State University,Grocery,IRS Enrolled Agent
920,Debor,Shoebotham,dshoebothampj@arstechnica.com,Female,Kosin University,Toys,Gastroenterology
921,Woodie,Methringham,wmethringhampk@dailymotion.com,Male,Monterey Institute of International Studies,Industrial,Short Sales
922,Egor,MacGillreich,emacgillreichpl@networkadvertising.org,Male,"Davenport College of Business, Kalamazoo",Electronics,WS-I
923,Tedman,Polglase,tpolglasepm@aol.com,Male,Xi'an International Studies University,Automotive,Payroll
924,Valery,Bygrave,vbygravepn@hostgator.com,Female,United Nations University,Outdoors,Loan Servicing
925,Pollyanna,Fairhurst,pfairhurstpo@odnoklassniki.ru,Female,Katholieke Hogeschool Leuven,Beauty,HR Policies
926,Geri,Bostock,gbostockpp@cloudflare.com,Male,Bethany College West Virginia,Baby,HDPE
927,Baldwin,Darleston,bdarlestonpq@51.la,Male,Guangzhou University of Traditional Chinese Medicine,Books,Veterinary Medicine
928,Cecil,Extance,cextancepr@state.tx.us,Male,RCSI-Medical University of Bahrain,Baby,JBuilder
929,Annabela,Skett,askettps@arstechnica.com,Female,"Fairleigh Dickinson University, Teaneck-Hackensack Campus",Music,Ultrafiltration
930,Broderic,Thirst,bthirstpt@hubpages.com,Male,Northern Illinois University,Kids,Electrical Engineering
931,Olivette,Lum,olumpu@oaic.gov.au,Female,Instituto Politécnico de Bragança,Grocery,DDR
932,Ladonna,Shirt,lshirtpv@livejournal.com,Female,Université Blaise Pascal (Clermont-Ferrand II),Games,Cashiering
933,Bernice,Pickersail,bpickersailpw@vimeo.com,Female,Mahidol University International College,Shoes,Eggs
934,Anselm,O'Keeffe,aokeeffepx@whitehouse.gov,Male,Lake Forest Graduate School of Management,Shoes,DPM
935,Pierce,Deener,pdeenerpy@diigo.com,Male,Novosibirsk State Agricultural University,Sports,RF Circuits
936,Bernadette,Clampe,bclampepz@plala.or.jp,Female,Universitat de Lleida,Toys,Mac &amp; PC platforms
937,Gisela,Cawkwell,gcawkwellq0@flickr.com,Female,Aarhus School of Architecture,Electronics,Ecology
938,Parnell,Renish,prenishq1@nydailynews.com,Male,Zhejiang Sci-Tech University ,Automotive,IP CCTV
939,Christoph,Margach,cmargachq2@ox.ac.uk,Male,"Dai Ichi University, College of Technology",Shoes,SolidWorks
940,Xena,Haverson,xhaversonq3@npr.org,Female,Sankei University,Books,Criminal Investigations
941,Keen,Zavittieri,kzavittieriq4@de.vu,Male,"Fachhochschule Ludwigshafen, Hochschule für Wirtschaft",Shoes,Django
942,Lilia,Lofthouse,llofthouseq5@economist.com,Female,Elmira College,Garden,DDI Certified
943,Jessalin,Winsiowiecki,jwinsiowieckiq6@sina.com.cn,Female,Loyola University New Orleans,Electronics,Japanese to English
944,Olivia,Miranda,omirandaq7@cnet.com,Female,Walcz College,Games,AODA
945,Terence,Rengger,trenggerq8@ameblo.jp,Male,Universidad Nacional de La Pampa,Industrial,Administration
946,Annabell,Kiffin,akiffinq9@fda.gov,Female,Bogazici University,Jewelery,Hadoop
947,Rudd,Toopin,rtoopinqa@zdnet.com,Male,Universidad Católica Santo Toribio de Mogrovejo,Grocery,Bodywork
948,Noland,Shortell,nshortellqb@marketwatch.com,Male,Universiti Tenaga Nasional,Beauty,High Availability Clustering
949,Christine,Nekrews,cnekrewsqc@washingtonpost.com,Female,Ecole Supérieure d'Ingénieurs en Génie Electrique,Movies,Patrol
950,Jackqueline,Milton-White,jmiltonwhiteqd@yandex.ru,Female,Institut Commercial de Nancy,Kids,Hospitality Industry
951,Buffy,Ritter,britterqe@walmart.com,Female,Kumoh National University of Technology,Beauty,VLS
952,Elbertina,Attrie,eattrieqf@w3.org,Female,Chuvash State University,Clothing,RRSP
953,Mareah,LaBastida,mlabastidaqg@fastcompany.com,Female,"Islamic Azad University, Region One",Grocery,SRM 5.0
954,Rodney,Cornehl,rcornehlqh@mayoclinic.com,Male,Afeka Tel Aviv Academic College of Engineering,Electronics,FF&amp;E
955,Diahann,Culpin,dculpinqi@tamu.edu,Female,"California State University, Channel Islands",Grocery,IGCC
956,Breena,Kupke,bkupkeqj@princeton.edu,Female,SRM Institute Of Science & Technology ( Deemed University),Health,Space Planning
957,Yetty,Wallach,ywallachqk@walmart.com,Female,University of Kentucky,Home,Xenix
958,Gladys,Yate,gyateql@devhub.com,Female,Universitas Negeri Semarang,Books,MRSA
959,Ikey,Sange,isangeqm@lycos.com,Male,"Islamic Azad University, Fars Science & Research Branch",Computers,ePub
960,Donall,Flintuff,dflintuffqn@epa.gov,Male,University of Dammam,Garden,NPL
961,Warden,Abden,wabdenqo@ning.com,Male,Heilongjiang University,Toys,GPS
962,Bartolemo,Limeburn,blimeburnqp@vk.com,Male,Universitas Islam Malang,Jewelery,FBCB2
963,Ernaline,Rengger,erenggerqq@jugem.jp,Female,University of Economics Prague,Garden,TM1
964,Uta,Lynock,ulynockqr@quantcast.com,Female,Drew University,Computers,JSA
965,Lothario,Leffek,lleffekqs@pen.io,Male,Henan Normal University,Health,Document Imaging
966,Bordy,Daleman,bdalemanqt@amazon.de,Male,Theologische Fakultät Paderborn,Baby,Axys
967,Barrie,Ramsdell,bramsdellqu@usatoday.com,Male,Balochistan University of Engineering and Technology Khuzdar,Beauty,IAX
968,Cathe,Westby,cwestbyqv@example.com,Female,Botswana College of Agriculture,Shoes,Xbox 360
969,Ugo,Alvares,ualvaresqw@nymag.com,Male,Osaka Women's University,Automotive,Okuma
970,Ber,Girogetti,bgirogettiqx@mapquest.com,Male,Universitas Lambung Mangkurat,Outdoors,FMEA
971,Kayley,Rosenbush,krosenbushqy@thetimes.co.uk,Female,West Coast University (WCU) ,Books,Online Reputation Management
972,Sean,Causbey,scausbeyqz@google.nl,Female,Ecole pour les Etudes et la Recherche en Informatique et Electronique,Tools,SSD
973,Jermain,Hoys,jhoysr0@uol.com.br,Male,Kota Kinabalu Polytechnic,Sports,Sales Tax
974,Anthea,Nisard,anisardr1@naver.com,Female,Hochschule Magdeburg-Stendal (FH),Movies,Fire Alarm
975,Willa,Ferdinand,wferdinandr2@mapy.cz,Female,Université Sidi Mohammed Ben Abdellah,Movies,Legal Advice
976,Xymenes,Dowglass,xdowglassr3@behance.net,Male,Université de Cocody,Grocery,Publicity
977,Willi,Houlton,whoultonr4@behance.net,Male,Theologische Fakultät Paderborn,Jewelery,Project Bidding
978,Georges,Jewsbury,gjewsburyr5@joomla.org,Male,Oregon Graduate Institute of Science and Technology,Shoes,Pharmaceutical Industry
979,Francoise,Vittore,fvittorer6@accuweather.com,Female,Lake Superior State University,Electronics,Ion Exchange
980,Les,McAtamney,lmcatamneyr7@apache.org,Male,Universidad Técnica de Machala,Baby,Security Audits
981,Iggie,Ballintime,iballintimer8@cdbaby.com,Male,Drury College,Music,IEC
982,Olenolin,Losemann,olosemannr9@unesco.org,Male,Université du Sahel,Baby,SnagIt
983,Zora,Dobing,zdobingra@intel.com,Female,Technical University of Gabrovo,Health,CTRS
984,Ellwood,Snead,esneadrb@icq.com,Male,"University of Mining and Geology ""St. Ivan Rils""",Grocery,Swimming
985,Ailbert,Gate,agaterc@skype.com,Male,Private Hanseuniversität,Games,Sculpture
986,Parker,Hirsch,phirschrd@bloomberg.com,Male,Josai International University,Shoes,Xetra
987,Magnum,Bromley,mbromleyre@npr.org,Male,Universidad Autónoma de la Ciudad de México,Kids,Tutoring
988,Cassaundra,Forre,cforrerf@nytimes.com,Female,Berean University of the Assemblies of God,Tools,Fly Tying
989,Waylin,Beddo,wbeddorg@feedburner.com,Male,Notre Dame of Marbel University,Games,Civil Aviation
990,Jessalyn,Coggan,jcogganrh@spotify.com,Female,Teikyo Heisei University,Books,UART
991,Kinnie,Curnucke,kcurnuckeri@ted.com,Male,Northwestern University In Qatar,Tools,ISO 14971
992,Carlo,Brandenburg,cbrandenburgrj@timesonline.co.uk,Male,Wittenberg University,Automotive,Sony HDV
993,Nata,Fetherstonhaugh,nfetherstonhaughrk@mysql.com,Female,Drzavni Univerzitet u Novom Pazaru,Tools,Xenix
994,Rodrique,Petrashkov,rpetrashkovrl@behance.net,Male,Southern Ural State University,Home,DCM
995,Lanae,ffrench Beytagh,lffrenchbeytaghrm@alexa.com,Female,Bratsk State Technical University,Grocery,SMTP
996,Saunderson,Toone,stoonern@ycombinator.com,Male,Universidad Interamericana de Educacion a Distancia de Panama,Kids,Ethical Decision Making
997,Brier,Jedras,bjedrasro@odnoklassniki.ru,Female,Universidad Tecnológica del Peru,Home,Economic Development
998,Adolphus,Webling,aweblingrp@ustream.tv,Male,Zaman University,Jewelery,Behavior Based Safety
999,Josefa,Rodrigo,jrodrigorq@technorati.com,Female,Universität des Saarlandes,Games,MDI
1000,Elbert,Kassel,ekasselrr@123-reg.co.uk,Male,Al Ahlia University,Kids,Optical Tweezers
